[debug] [2026-04-21T17:50:41.172Z] [Firebase Plugin] Activating Firebase extension.
[debug] [2026-04-21T17:50:51.065Z] [Firebase Plugin] requireAuthWrapper
[debug] [2026-04-21T17:50:51.079Z] > command requires scopes: ["email","openid","https://www.googleapis.com/auth/cloudplatformprojects.readonly","https://www.googleapis.com/auth/firebase","https://www.googleapis.com/auth/cloud-platform"]
[debug] [2026-04-21T17:50:51.080Z] > authorizing via signed-in user (hossamfarouk212@gmail.com)
[debug] [2026-04-21T17:50:51.085Z] Checked if tokens are valid: false, expires at: 1776489456706
[debug] [2026-04-21T17:50:51.086Z] Checked if tokens are valid: false, expires at: 1776489456706
[debug] [2026-04-21T17:50:51.086Z] > refreshing access token with scopes: []
[debug] [2026-04-21T17:50:51.088Z] >>> [apiv2][query] POST https://www.googleapis.com/oauth2/v3/token [none]
[debug] [2026-04-21T17:50:51.088Z] >>> [apiv2][body] POST https://www.googleapis.com/oauth2/v3/token [omitted]
[debug] [2026-04-21T17:50:51.105Z] [Firebase Plugin] VSCode notification server listening on port 40001
[info] [Firebase Plugin] Starting SQL Connect toolkit (version 3.4.5) on port 50001
[info] i  dataconnect: downloading dataconnect-emulator-3.4.5.exe... {"metadata":{"emulator":{"name":"dataconnect"},"message":"downloading dataconnect-emulator-3.4.5.exe..."}}
[debug] [2026-04-21T17:50:51.654Z] >>> [apiv2][query] GET https://storage.googleapis.com/firemat-preview-drop/emulator/dataconnect-emulator-windows-amd64-v3.4.5 
[debug] [2026-04-21T17:50:51.820Z] <<< [apiv2][status] POST https://www.googleapis.com/oauth2/v3/token 200
[debug] [2026-04-21T17:50:51.820Z] <<< [apiv2][body] POST https://www.googleapis.com/oauth2/v3/token [omitted]
[debug] [2026-04-21T17:50:51.867Z] [Firebase Plugin] User found:  hossamfarouk212@gmail.com
[info] [Firebase Plugin] (Core:Project) New user detected, fetching projects
[debug] [2026-04-21T17:50:51.869Z] Checked if tokens are valid: true, expires at: 1776797450820
[debug] [2026-04-21T17:50:51.870Z] >>> [apiv2][query] GET https://firebase.googleapis.com/v1beta1/projects pageSize=1000
[debug] [2026-04-21T17:50:52.017Z] <<< [apiv2][status] GET https://storage.googleapis.com/firemat-preview-drop/emulator/dataconnect-emulator-windows-amd64-v3.4.5 200
[debug] [2026-04-21T17:50:52.017Z] <<< [apiv2][body] GET https://storage.googleapis.com/firemat-preview-drop/emulator/dataconnect-emulator-windows-amd64-v3.4.5 [stream]
[debug] [2026-04-21T17:50:52.450Z] <<< [apiv2][status] GET https://firebase.googleapis.com/v1beta1/projects 200
[debug] [2026-04-21T17:50:52.451Z] <<< [apiv2][body] GET https://firebase.googleapis.com/v1beta1/projects [omitted]
[debug] [2026-04-21T17:51:09.025Z] 'fdc build' failed with error: Unable to build your SQL Connect schema and connectors (exit code 1): E0421 19:51:09.018500   41240 cmd.go:43] Error loading data connect config: could not find dataconnect.yaml in `c:\Metysara-proud\dataconnect`
 {"metadata":{"emulator":{"name":"dataconnect"},"message":"'fdc build' failed with error: Unable to build your SQL Connect schema and connectors (exit code 1): E0421 19:51:09.018500   41240 cmd.go:43] Error loading data connect config: could not find dataconnect.yaml in `c:\\Metysara-proud\\dataconnect`\n"}}
[debug] [2026-04-21T17:51:09.027Z] Ignoring unsupported arg: auto_download {"metadata":{"emulator":{"name":"dataconnect"},"message":"Ignoring unsupported arg: auto_download"}}
[debug] [2026-04-21T17:51:09.027Z] Ignoring unsupported arg: port {"metadata":{"emulator":{"name":"dataconnect"},"message":"Ignoring unsupported arg: port"}}
[debug] [2026-04-21T17:51:09.027Z] Starting SQL Connect Emulator with command {"binary":"C:\\Users\\DELL G15\\.cache\\firebase\\emulators\\dataconnect-emulator-3.4.5.exe","args":["--logtostderr","-v=2","dev","--listen=localhost:50001","--config_dir=c:\\Metysara-proud\\dataconnect","--enable_output_schema_extensions=true","--enable_output_generated_sdk=true"],"optionalArgs":["listen","config_dir","enable_output_schema_extensions","enable_output_generated_sdk"],"joinArgs":true,"shell":false,"port":9399} {"metadata":{"emulator":{"name":"dataconnect"},"message":"Starting SQL Connect Emulator with command {\"binary\":\"C:\\\\Users\\\\DELL G15\\\\.cache\\\\firebase\\\\emulators\\\\dataconnect-emulator-3.4.5.exe\",\"args\":[\"--logtostderr\",\"-v=2\",\"dev\",\"--listen=localhost:50001\",\"--config_dir=c:\\\\Metysara-proud\\\\dataconnect\",\"--enable_output_schema_extensions=true\",\"--enable_output_generated_sdk=true\"],\"optionalArgs\":[\"listen\",\"config_dir\",\"enable_output_schema_extensions\",\"enable_output_generated_sdk\"],\"joinArgs\":true,\"shell\":false,\"port\":9399}"}}
[info] i  dataconnect: SQL Connect Emulator logging to dataconnect-debug.log {"metadata":{"emulator":{"name":"dataconnect"},"message":"SQL Connect Emulator logging to \u001b[1mdataconnect-debug.log\u001b[22m"}}
[debug] [2026-04-21T17:51:09.068Z] E0421 19:51:09.067190   19208 dev.go:83] Failed to load initial config from "c:\\Metysara-proud\\dataconnect": could not find dataconnect.yaml in `c:\Metysara-proud\dataconnect`
 {"metadata":{"emulator":{"name":"dataconnect"},"message":"E0421 19:51:09.067190   19208 dev.go:83] Failed to load initial config from \"c:\\\\Metysara-proud\\\\dataconnect\": could not find dataconnect.yaml in `c:\\Metysara-proud\\dataconnect`\n"}}
[debug] [2026-04-21T17:51:09.069Z] E0421 19:51:09.068254   19208 watch.go:116] watchAllDir unable to walk dir `c:\Metysara-proud\dataconnect`: GetFileAttributesEx c:\Metysara-proud\dataconnect: The system cannot find the file specified.
 {"metadata":{"emulator":{"name":"dataconnect"},"message":"E0421 19:51:09.068254   19208 watch.go:116] watchAllDir unable to walk dir `c:\\Metysara-proud\\dataconnect`: GetFileAttributesEx c:\\Metysara-proud\\dataconnect: The system cannot find the file specified.\n"}}
[debug] [2026-04-21T17:51:09.081Z] I0421 19:51:09.080954   19208 dev.go:104] Listening on address (HTTP + gRPC): 127.0.0.1:50001
 {"metadata":{"emulator":{"name":"dataconnect"},"message":"I0421 19:51:09.080954   19208 dev.go:104] Listening on address (HTTP + gRPC): 127.0.0.1:50001\n"}}
[error] [Firebase Plugin] error:  {}
[debug] [2026-04-21T17:51:19.071Z] E0421 19:51:19.069154   19208 watch.go:40] Failed to load config from "c:\\Metysara-proud\\dataconnect": could not find dataconnect.yaml in `c:\Metysara-proud\dataconnect`
 {"metadata":{"emulator":{"name":"dataconnect"},"message":"E0421 19:51:19.069154   19208 watch.go:40] Failed to load config from \"c:\\\\Metysara-proud\\\\dataconnect\": could not find dataconnect.yaml in `c:\\Metysara-proud\\dataconnect`\n"}}
[debug] [2026-04-21T17:51:29.071Z] E0421 19:51:29.068916   19208 watch.go:40] Failed to load config from "c:\\Metysara-proud\\dataconnect": could not find dataconnect.yaml in `c:\Metysara-proud\dataconnect`
 {"metadata":{"emulator":{"name":"dataconnect"},"message":"E0421 19:51:29.068916   19208 watch.go:40] Failed to load config from \"c:\\\\Metysara-proud\\\\dataconnect\": could not find dataconnect.yaml in `c:\\Metysara-proud\\dataconnect`\n"}}
[debug] [2026-04-21T17:51:39.069Z] E0421 19:51:39.069207   19208 watch.go:40] Failed to load config from "c:\\Metysara-proud\\dataconnect": could not find dataconnect.yaml in `c:\Metysara-proud\dataconnect`
 {"metadata":{"emulator":{"name":"dataconnect"},"message":"E0421 19:51:39.069207   19208 watch.go:40] Failed to load config from \"c:\\\\Metysara-proud\\\\dataconnect\": could not find dataconnect.yaml in `c:\\Metysara-proud\\dataconnect`\n"}}
[debug] [2026-04-21T17:51:49.069Z] E0421 19:51:49.068963   19208 watch.go:40] Failed to load config from "c:\\Metysara-proud\\dataconnect": could not find dataconnect.yaml in `c:\Metysara-proud\dataconnect`
 {"metadata":{"emulator":{"name":"dataconnect"},"message":"E0421 19:51:49.068963   19208 watch.go:40] Failed to load config from \"c:\\\\Metysara-proud\\\\dataconnect\": could not find dataconnect.yaml in `c:\\Metysara-proud\\dataconnect`\n"}}
[debug] [2026-04-21T17:51:59.069Z] E0421 19:51:59.069007   19208 watch.go:40] Failed to load config from "c:\\Metysara-proud\\dataconnect": could not find dataconnect.yaml in `c:\Metysara-proud\dataconnect`
 {"metadata":{"emulator":{"name":"dataconnect"},"message":"E0421 19:51:59.069007   19208 watch.go:40] Failed to load config from \"c:\\\\Metysara-proud\\\\dataconnect\": could not find dataconnect.yaml in `c:\\Metysara-proud\\dataconnect`\n"}}
[debug] [2026-04-21T17:52:09.069Z] E0421 19:52:09.069132   19208 watch.go:116] watchAllDir unable to walk dir `c:\Metysara-proud\dataconnect`: GetFileAttributesEx c:\Metysara-proud\dataconnect: The system cannot find the file specified.
 {"metadata":{"emulator":{"name":"dataconnect"},"message":"E0421 19:52:09.069132   19208 watch.go:116] watchAllDir unable to walk dir `c:\\Metysara-proud\\dataconnect`: GetFileAttributesEx c:\\Metysara-proud\\dataconnect: The system cannot find the file specified.\n"}}
[debug] [2026-04-21T17:52:09.070Z] E0421 19:52:09.069132   19208 watch.go:40] Failed to load config from "c:\\Metysara-proud\\dataconnect": could not find dataconnect.yaml in `c:\Metysara-proud\dataconnect`
 {"metadata":{"emulator":{"name":"dataconnect"},"message":"E0421 19:52:09.069132   19208 watch.go:40] Failed to load config from \"c:\\\\Metysara-proud\\\\dataconnect\": could not find dataconnect.yaml in `c:\\Metysara-proud\\dataconnect`\n"}}
[debug] [2026-04-21T17:52:24.073Z] E0421 19:52:19.069751   19208 watch.go:40] Failed to load config from "c:\\Metysara-proud\\dataconnect": could not find dataconnect.yaml in `c:\Metysara-proud\dataconnect`
 {"metadata":{"emulator":{"name":"dataconnect"},"message":"E0421 19:52:19.069751   19208 watch.go:40] Failed to load config from \"c:\\\\Metysara-proud\\\\dataconnect\": could not find dataconnect.yaml in `c:\\Metysara-proud\\dataconnect`\n"}}
[debug] [2026-04-21T17:52:29.069Z] E0421 19:52:29.068881   19208 watch.go:40] Failed to load config from "c:\\Metysara-proud\\dataconnect": could not find dataconnect.yaml in `c:\Metysara-proud\dataconnect`
 {"metadata":{"emulator":{"name":"dataconnect"},"message":"E0421 19:52:29.068881   19208 watch.go:40] Failed to load config from \"c:\\\\Metysara-proud\\\\dataconnect\": could not find dataconnect.yaml in `c:\\Metysara-proud\\dataconnect`\n"}}
[debug] [2026-04-21T17:52:39.069Z] E0421 19:52:39.068993   19208 watch.go:40] Failed to load config from "c:\\Metysara-proud\\dataconnect": could not find dataconnect.yaml in `c:\Metysara-proud\dataconnect`
 {"metadata":{"emulator":{"name":"dataconnect"},"message":"E0421 19:52:39.068993   19208 watch.go:40] Failed to load config from \"c:\\\\Metysara-proud\\\\dataconnect\": could not find dataconnect.yaml in `c:\\Metysara-proud\\dataconnect`\n"}}
[debug] [2026-04-21T17:52:49.069Z] E0421 19:52:49.069327   19208 watch.go:40] Failed to load config from "c:\\Metysara-proud\\dataconnect": could not find dataconnect.yaml in `c:\Metysara-proud\dataconnect`
 {"metadata":{"emulator":{"name":"dataconnect"},"message":"E0421 19:52:49.069327   19208 watch.go:40] Failed to load config from \"c:\\\\Metysara-proud\\\\dataconnect\": could not find dataconnect.yaml in `c:\\Metysara-proud\\dataconnect`\n"}}
[debug] [2026-04-21T17:52:59.070Z] E0421 19:52:59.069749   19208 watch.go:40] Failed to load config from "c:\\Metysara-proud\\dataconnect": could not find dataconnect.yaml in `c:\Metysara-proud\dataconnect`
 {"metadata":{"emulator":{"name":"dataconnect"},"message":"E0421 19:52:59.069749   19208 watch.go:40] Failed to load config from \"c:\\\\Metysara-proud\\\\dataconnect\": could not find dataconnect.yaml in `c:\\Metysara-proud\\dataconnect`\n"}}
[debug] [2026-04-21T17:53:09.069Z] E0421 19:53:09.069040   19208 watch.go:40] Failed to load config from "c:\\Metysara-proud\\dataconnect": could not find dataconnect.yaml in `c:\Metysara-proud\dataconnect`
E0421 19:53:09.069040   19208 watch.go:116] watchAllDir unable to walk dir `c:\Metysara-proud\dataconnect`: GetFileAttributesEx c:\Metysara-proud\dataconnect: The system cannot find the file specified.
 {"metadata":{"emulator":{"name":"dataconnect"},"message":"E0421 19:53:09.069040   19208 watch.go:40] Failed to load config from \"c:\\\\Metysara-proud\\\\dataconnect\": could not find dataconnect.yaml in `c:\\Metysara-proud\\dataconnect`\nE0421 19:53:09.069040   19208 watch.go:116] watchAllDir unable to walk dir `c:\\Metysara-proud\\dataconnect`: GetFileAttributesEx c:\\Metysara-proud\\dataconnect: The system cannot find the file specified.\n"}}
[debug] [2026-04-21T17:53:19.074Z] E0421 19:53:19.073628   19208 watch.go:40] Failed to load config from "c:\\Metysara-proud\\dataconnect": could not find dataconnect.yaml in `c:\Metysara-proud\dataconnect`
 {"metadata":{"emulator":{"name":"dataconnect"},"message":"E0421 19:53:19.073628   19208 watch.go:40] Failed to load config from \"c:\\\\Metysara-proud\\\\dataconnect\": could not find dataconnect.yaml in `c:\\Metysara-proud\\dataconnect`\n"}}
[debug] [2026-04-21T17:53:31.096Z] E0421 19:53:29.070434   19208 watch.go:40] Failed to load config from "c:\\Metysara-proud\\dataconnect": could not find dataconnect.yaml in `c:\Metysara-proud\dataconnect`
 {"metadata":{"emulator":{"name":"dataconnect"},"message":"E0421 19:53:29.070434   19208 watch.go:40] Failed to load config from \"c:\\\\Metysara-proud\\\\dataconnect\": could not find dataconnect.yaml in `c:\\Metysara-proud\\dataconnect`\n"}}
[info] [Firebase Plugin] Stopping SQL Connect toolkit
[warn] !  SQL Connect Emulator has exited upon receiving signal: SIGINT 
[debug] [2026-04-21T17:54:01.876Z] [Firebase Plugin] Activating Firebase extension.
[debug] [2026-04-21T17:54:07.263Z] [Firebase Plugin] requireAuthWrapper
[debug] [2026-04-21T17:54:07.265Z] > command requires scopes: ["email","openid","https://www.googleapis.com/auth/cloudplatformprojects.readonly","https://www.googleapis.com/auth/firebase","https://www.googleapis.com/auth/cloud-platform"]
[debug] [2026-04-21T17:54:07.266Z] > authorizing via signed-in user (hossamfarouk212@gmail.com)
[debug] [2026-04-21T17:54:07.269Z] Checked if tokens are valid: true, expires at: 1776797450820
[debug] [2026-04-21T17:54:07.270Z] Checked if tokens are valid: true, expires at: 1776797450820
[debug] [2026-04-21T17:54:07.270Z] [Firebase Plugin] User found:  hossamfarouk212@gmail.com
[info] [Firebase Plugin] (Core:Project) New user detected, fetching projects
[debug] [2026-04-21T17:54:07.272Z] Checked if tokens are valid: true, expires at: 1776797450820
[debug] [2026-04-21T17:54:07.273Z] >>> [apiv2][query] GET https://firebase.googleapis.com/v1beta1/projects pageSize=1000
[debug] [2026-04-21T17:54:07.282Z] [Firebase Plugin] VSCode notification server listening on port 40001
[info] [Firebase Plugin] Starting SQL Connect toolkit (version 3.4.5) on port 50001
[debug] [2026-04-21T17:54:08.223Z] 'fdc build' failed with error: Unable to build your SQL Connect schema and connectors (exit code 1): E0421 19:54:08.213024   38308 cmd.go:43] Error loading data connect config: could not find dataconnect.yaml in `c:\Metysara-proud\dataconnect`
 {"metadata":{"emulator":{"name":"dataconnect"},"message":"'fdc build' failed with error: Unable to build your SQL Connect schema and connectors (exit code 1): E0421 19:54:08.213024   38308 cmd.go:43] Error loading data connect config: could not find dataconnect.yaml in `c:\\Metysara-proud\\dataconnect`\n"}}
[debug] [2026-04-21T17:54:08.225Z] Ignoring unsupported arg: auto_download {"metadata":{"emulator":{"name":"dataconnect"},"message":"Ignoring unsupported arg: auto_download"}}
[debug] [2026-04-21T17:54:08.226Z] Ignoring unsupported arg: port {"metadata":{"emulator":{"name":"dataconnect"},"message":"Ignoring unsupported arg: port"}}
[debug] [2026-04-21T17:54:08.226Z] Starting SQL Connect Emulator with command {"binary":"C:\\Users\\DELL G15\\.cache\\firebase\\emulators\\dataconnect-emulator-3.4.5.exe","args":["--logtostderr","-v=2","dev","--listen=localhost:50001","--config_dir=c:\\Metysara-proud\\dataconnect","--enable_output_schema_extensions=true","--enable_output_generated_sdk=true"],"optionalArgs":["listen","config_dir","enable_output_schema_extensions","enable_output_generated_sdk"],"joinArgs":true,"shell":false,"port":9399} {"metadata":{"emulator":{"name":"dataconnect"},"message":"Starting SQL Connect Emulator with command {\"binary\":\"C:\\\\Users\\\\DELL G15\\\\.cache\\\\firebase\\\\emulators\\\\dataconnect-emulator-3.4.5.exe\",\"args\":[\"--logtostderr\",\"-v=2\",\"dev\",\"--listen=localhost:50001\",\"--config_dir=c:\\\\Metysara-proud\\\\dataconnect\",\"--enable_output_schema_extensions=true\",\"--enable_output_generated_sdk=true\"],\"optionalArgs\":[\"listen\",\"config_dir\",\"enable_output_schema_extensions\",\"enable_output_generated_sdk\"],\"joinArgs\":true,\"shell\":false,\"port\":9399}"}}
[info] i  dataconnect: SQL Connect Emulator logging to dataconnect-debug.log {"metadata":{"emulator":{"name":"dataconnect"},"message":"SQL Connect Emulator logging to \u001b[1mdataconnect-debug.log\u001b[22m"}}
[debug] [2026-04-21T17:54:08.429Z] E0421 19:54:08.351152   11408 dev.go:83] Failed to load initial config from "c:\\Metysara-proud\\dataconnect": could not find dataconnect.yaml in `c:\Metysara-proud\dataconnect`
E0421 19:54:08.353162   11408 watch.go:116] watchAllDir unable to walk dir `c:\Metysara-proud\dataconnect`: GetFileAttributesEx c:\Metysara-proud\dataconnect: The system cannot find the file specified.
I0421 19:54:08.370267   11408 dev.go:104] Listening on address (HTTP + gRPC): 127.0.0.1:50001
 {"metadata":{"emulator":{"name":"dataconnect"},"message":"E0421 19:54:08.351152   11408 dev.go:83] Failed to load initial config from \"c:\\\\Metysara-proud\\\\dataconnect\": could not find dataconnect.yaml in `c:\\Metysara-proud\\dataconnect`\nE0421 19:54:08.353162   11408 watch.go:116] watchAllDir unable to walk dir `c:\\Metysara-proud\\dataconnect`: GetFileAttributesEx c:\\Metysara-proud\\dataconnect: The system cannot find the file specified.\nI0421 19:54:08.370267   11408 dev.go:104] Listening on address (HTTP + gRPC): 127.0.0.1:50001\n"}}
[debug] [2026-04-21T17:54:09.289Z] <<< [apiv2][status] GET https://firebase.googleapis.com/v1beta1/projects 200
[debug] [2026-04-21T17:54:09.292Z] <<< [apiv2][body] GET https://firebase.googleapis.com/v1beta1/projects [omitted]
[error] [Firebase Plugin] error:  {}
[debug] [2026-04-21T17:54:18.354Z] E0421 19:54:18.353322   11408 watch.go:40] Failed to load config from "c:\\Metysara-proud\\dataconnect": could not find dataconnect.yaml in `c:\Metysara-proud\dataconnect`
 {"metadata":{"emulator":{"name":"dataconnect"},"message":"E0421 19:54:18.353322   11408 watch.go:40] Failed to load config from \"c:\\\\Metysara-proud\\\\dataconnect\": could not find dataconnect.yaml in `c:\\Metysara-proud\\dataconnect`\n"}}
[debug] [2026-04-21T17:54:35.622Z] E0421 19:54:28.353534   11408 watch.go:40] Failed to load config from "c:\\Metysara-proud\\dataconnect": could not find dataconnect.yaml in `c:\Metysara-proud\dataconnect`
 {"metadata":{"emulator":{"name":"dataconnect"},"message":"E0421 19:54:28.353534   11408 watch.go:40] Failed to load config from \"c:\\\\Metysara-proud\\\\dataconnect\": could not find dataconnect.yaml in `c:\\Metysara-proud\\dataconnect`\n"}}
[debug] [2026-04-21T17:54:38.354Z] E0421 19:54:38.353727   11408 watch.go:40] Failed to load config from "c:\\Metysara-proud\\dataconnect": could not find dataconnect.yaml in `c:\Metysara-proud\dataconnect`
 {"metadata":{"emulator":{"name":"dataconnect"},"message":"E0421 19:54:38.353727   11408 watch.go:40] Failed to load config from \"c:\\\\Metysara-proud\\\\dataconnect\": could not find dataconnect.yaml in `c:\\Metysara-proud\\dataconnect`\n"}}
[debug] [2026-04-21T17:54:48.353Z] E0421 19:54:48.353466   11408 watch.go:40] Failed to load config from "c:\\Metysara-proud\\dataconnect": could not find dataconnect.yaml in `c:\Metysara-proud\dataconnect`
 {"metadata":{"emulator":{"name":"dataconnect"},"message":"E0421 19:54:48.353466   11408 watch.go:40] Failed to load config from \"c:\\\\Metysara-proud\\\\dataconnect\": could not find dataconnect.yaml in `c:\\Metysara-proud\\dataconnect`\n"}}
[debug] [2026-04-21T17:54:58.359Z] E0421 19:54:58.357710   11408 watch.go:40] Failed to load config from "c:\\Metysara-proud\\dataconnect": could not find dataconnect.yaml in `c:\Metysara-proud\dataconnect`
 {"metadata":{"emulator":{"name":"dataconnect"},"message":"E0421 19:54:58.357710   11408 watch.go:40] Failed to load config from \"c:\\\\Metysara-proud\\\\dataconnect\": could not find dataconnect.yaml in `c:\\Metysara-proud\\dataconnect`\n"}}
[debug] [2026-04-21T17:55:08.353Z] E0421 19:55:08.353375   11408 watch.go:116] watchAllDir unable to walk dir `c:\Metysara-proud\dataconnect`: GetFileAttributesEx c:\Metysara-proud\dataconnect: The system cannot find the file specified.
E0421 19:55:08.353375   11408 watch.go:40] Failed to load config from "c:\\Metysara-proud\\dataconnect": could not find dataconnect.yaml in `c:\Metysara-proud\dataconnect`
 {"metadata":{"emulator":{"name":"dataconnect"},"message":"E0421 19:55:08.353375   11408 watch.go:116] watchAllDir unable to walk dir `c:\\Metysara-proud\\dataconnect`: GetFileAttributesEx c:\\Metysara-proud\\dataconnect: The system cannot find the file specified.\nE0421 19:55:08.353375   11408 watch.go:40] Failed to load config from \"c:\\\\Metysara-proud\\\\dataconnect\": could not find dataconnect.yaml in `c:\\Metysara-proud\\dataconnect`\n"}}
[debug] [2026-04-21T17:55:18.354Z] E0421 19:55:18.353967   11408 watch.go:40] Failed to load config from "c:\\Metysara-proud\\dataconnect": could not find dataconnect.yaml in `c:\Metysara-proud\dataconnect`
 {"metadata":{"emulator":{"name":"dataconnect"},"message":"E0421 19:55:18.353967   11408 watch.go:40] Failed to load config from \"c:\\\\Metysara-proud\\\\dataconnect\": could not find dataconnect.yaml in `c:\\Metysara-proud\\dataconnect`\n"}}
[debug] [2026-04-21T17:55:28.353Z] E0421 19:55:28.353710   11408 watch.go:40] Failed to load config from "c:\\Metysara-proud\\dataconnect": could not find dataconnect.yaml in `c:\Metysara-proud\dataconnect`
 {"metadata":{"emulator":{"name":"dataconnect"},"message":"E0421 19:55:28.353710   11408 watch.go:40] Failed to load config from \"c:\\\\Metysara-proud\\\\dataconnect\": could not find dataconnect.yaml in `c:\\Metysara-proud\\dataconnect`\n"}}
[debug] [2026-04-21T17:55:38.353Z] E0421 19:55:38.353365   11408 watch.go:40] Failed to load config from "c:\\Metysara-proud\\dataconnect": could not find dataconnect.yaml in `c:\Metysara-proud\dataconnect`
 {"metadata":{"emulator":{"name":"dataconnect"},"message":"E0421 19:55:38.353365   11408 watch.go:40] Failed to load config from \"c:\\\\Metysara-proud\\\\dataconnect\": could not find dataconnect.yaml in `c:\\Metysara-proud\\dataconnect`\n"}}
[debug] [2026-04-21T17:55:48.353Z] E0421 19:55:48.353440   11408 watch.go:40] Failed to load config from "c:\\Metysara-proud\\dataconnect": could not find dataconnect.yaml in `c:\Metysara-proud\dataconnect`
 {"metadata":{"emulator":{"name":"dataconnect"},"message":"E0421 19:55:48.353440   11408 watch.go:40] Failed to load config from \"c:\\\\Metysara-proud\\\\dataconnect\": could not find dataconnect.yaml in `c:\\Metysara-proud\\dataconnect`\n"}}
[debug] [2026-04-21T17:55:58.354Z] E0421 19:55:58.353852   11408 watch.go:40] Failed to load config from "c:\\Metysara-proud\\dataconnect": could not find dataconnect.yaml in `c:\Metysara-proud\dataconnect`
 {"metadata":{"emulator":{"name":"dataconnect"},"message":"E0421 19:55:58.353852   11408 watch.go:40] Failed to load config from \"c:\\\\Metysara-proud\\\\dataconnect\": could not find dataconnect.yaml in `c:\\Metysara-proud\\dataconnect`\n"}}
[debug] [2026-04-21T17:56:08.354Z] E0421 19:56:08.353418   11408 watch.go:116] watchAllDir unable to walk dir `c:\Metysara-proud\dataconnect`: GetFileAttributesEx c:\Metysara-proud\dataconnect: The system cannot find the file specified.
 {"metadata":{"emulator":{"name":"dataconnect"},"message":"E0421 19:56:08.353418   11408 watch.go:116] watchAllDir unable to walk dir `c:\\Metysara-proud\\dataconnect`: GetFileAttributesEx c:\\Metysara-proud\\dataconnect: The system cannot find the file specified.\n"}}
[debug] [2026-04-21T17:56:08.357Z] E0421 19:56:08.356651   11408 watch.go:40] Failed to load config from "c:\\Metysara-proud\\dataconnect": could not find dataconnect.yaml in `c:\Metysara-proud\dataconnect`
 {"metadata":{"emulator":{"name":"dataconnect"},"message":"E0421 19:56:08.356651   11408 watch.go:40] Failed to load config from \"c:\\\\Metysara-proud\\\\dataconnect\": could not find dataconnect.yaml in `c:\\Metysara-proud\\dataconnect`\n"}}
[debug] [2026-04-21T17:56:18.354Z] E0421 19:56:18.353678   11408 watch.go:40] Failed to load config from "c:\\Metysara-proud\\dataconnect": could not find dataconnect.yaml in `c:\Metysara-proud\dataconnect`
 {"metadata":{"emulator":{"name":"dataconnect"},"message":"E0421 19:56:18.353678   11408 watch.go:40] Failed to load config from \"c:\\\\Metysara-proud\\\\dataconnect\": could not find dataconnect.yaml in `c:\\Metysara-proud\\dataconnect`\n"}}
[debug] [2026-04-21T17:56:28.354Z] E0421 19:56:28.353734   11408 watch.go:40] Failed to load config from "c:\\Metysara-proud\\dataconnect": could not find dataconnect.yaml in `c:\Metysara-proud\dataconnect`
 {"metadata":{"emulator":{"name":"dataconnect"},"message":"E0421 19:56:28.353734   11408 watch.go:40] Failed to load config from \"c:\\\\Metysara-proud\\\\dataconnect\": could not find dataconnect.yaml in `c:\\Metysara-proud\\dataconnect`\n"}}
[debug] [2026-04-21T17:56:38.354Z] E0421 19:56:38.353795   11408 watch.go:40] Failed to load config from "c:\\Metysara-proud\\dataconnect": could not find dataconnect.yaml in `c:\Metysara-proud\dataconnect`
 {"metadata":{"emulator":{"name":"dataconnect"},"message":"E0421 19:56:38.353795   11408 watch.go:40] Failed to load config from \"c:\\\\Metysara-proud\\\\dataconnect\": could not find dataconnect.yaml in `c:\\Metysara-proud\\dataconnect`\n"}}
[debug] [2026-04-21T17:56:48.353Z] E0421 19:56:48.353825   11408 watch.go:40] Failed to load config from "c:\\Metysara-proud\\dataconnect": could not find dataconnect.yaml in `c:\Metysara-proud\dataconnect`
 {"metadata":{"emulator":{"name":"dataconnect"},"message":"E0421 19:56:48.353825   11408 watch.go:40] Failed to load config from \"c:\\\\Metysara-proud\\\\dataconnect\": could not find dataconnect.yaml in `c:\\Metysara-proud\\dataconnect`\n"}}
[debug] [2026-04-21T17:56:58.353Z] E0421 19:56:58.353779   11408 watch.go:40] Failed to load config from "c:\\Metysara-proud\\dataconnect": could not find dataconnect.yaml in `c:\Metysara-proud\dataconnect`
 {"metadata":{"emulator":{"name":"dataconnect"},"message":"E0421 19:56:58.353779   11408 watch.go:40] Failed to load config from \"c:\\\\Metysara-proud\\\\dataconnect\": could not find dataconnect.yaml in `c:\\Metysara-proud\\dataconnect`\n"}}
[debug] [2026-04-21T17:57:08.353Z] E0421 19:57:08.353435   11408 watch.go:116] watchAllDir unable to walk dir `c:\Metysara-proud\dataconnect`: GetFileAttributesEx c:\Metysara-proud\dataconnect: The system cannot find the file specified.
E0421 19:57:08.353435   11408 watch.go:40] Failed to load config from "c:\\Metysara-proud\\dataconnect": could not find dataconnect.yaml in `c:\Metysara-proud\dataconnect`
 {"metadata":{"emulator":{"name":"dataconnect"},"message":"E0421 19:57:08.353435   11408 watch.go:116] watchAllDir unable to walk dir `c:\\Metysara-proud\\dataconnect`: GetFileAttributesEx c:\\Metysara-proud\\dataconnect: The system cannot find the file specified.\nE0421 19:57:08.353435   11408 watch.go:40] Failed to load config from \"c:\\\\Metysara-proud\\\\dataconnect\": could not find dataconnect.yaml in `c:\\Metysara-proud\\dataconnect`\n"}}
[debug] [2026-04-21T17:57:18.353Z] E0421 19:57:18.353707   11408 watch.go:40] Failed to load config from "c:\\Metysara-proud\\dataconnect": could not find dataconnect.yaml in `c:\Metysara-proud\dataconnect`
 {"metadata":{"emulator":{"name":"dataconnect"},"message":"E0421 19:57:18.353707   11408 watch.go:40] Failed to load config from \"c:\\\\Metysara-proud\\\\dataconnect\": could not find dataconnect.yaml in `c:\\Metysara-proud\\dataconnect`\n"}}
[debug] [2026-04-21T17:57:28.353Z] E0421 19:57:28.353482   11408 watch.go:40] Failed to load config from "c:\\Metysara-proud\\dataconnect": could not find dataconnect.yaml in `c:\Metysara-proud\dataconnect`
 {"metadata":{"emulator":{"name":"dataconnect"},"message":"E0421 19:57:28.353482   11408 watch.go:40] Failed to load config from \"c:\\\\Metysara-proud\\\\dataconnect\": could not find dataconnect.yaml in `c:\\Metysara-proud\\dataconnect`\n"}}
[debug] [2026-04-21T17:57:38.353Z] E0421 19:57:38.353367   11408 watch.go:40] Failed to load config from "c:\\Metysara-proud\\dataconnect": could not find dataconnect.yaml in `c:\Metysara-proud\dataconnect`
 {"metadata":{"emulator":{"name":"dataconnect"},"message":"E0421 19:57:38.353367   11408 watch.go:40] Failed to load config from \"c:\\\\Metysara-proud\\\\dataconnect\": could not find dataconnect.yaml in `c:\\Metysara-proud\\dataconnect`\n"}}
[debug] [2026-04-21T17:57:48.353Z] E0421 19:57:48.353524   11408 watch.go:40] Failed to load config from "c:\\Metysara-proud\\dataconnect": could not find dataconnect.yaml in `c:\Metysara-proud\dataconnect`
 {"metadata":{"emulator":{"name":"dataconnect"},"message":"E0421 19:57:48.353524   11408 watch.go:40] Failed to load config from \"c:\\\\Metysara-proud\\\\dataconnect\": could not find dataconnect.yaml in `c:\\Metysara-proud\\dataconnect`\n"}}
[debug] [2026-04-21T17:57:58.353Z] E0421 19:57:58.353655   11408 watch.go:40] Failed to load config from "c:\\Metysara-proud\\dataconnect": could not find dataconnect.yaml in `c:\Metysara-proud\dataconnect`
 {"metadata":{"emulator":{"name":"dataconnect"},"message":"E0421 19:57:58.353655   11408 watch.go:40] Failed to load config from \"c:\\\\Metysara-proud\\\\dataconnect\": could not find dataconnect.yaml in `c:\\Metysara-proud\\dataconnect`\n"}}
[debug] [2026-04-21T17:58:08.353Z] E0421 19:58:08.353422   11408 watch.go:116] watchAllDir unable to walk dir `c:\Metysara-proud\dataconnect`: GetFileAttributesEx c:\Metysara-proud\dataconnect: The system cannot find the file specified.
E0421 19:58:08.353422   11408 watch.go:40] Failed to load config from "c:\\Metysara-proud\\dataconnect": could not find dataconnect.yaml in `c:\Metysara-proud\dataconnect`
 {"metadata":{"emulator":{"name":"dataconnect"},"message":"E0421 19:58:08.353422   11408 watch.go:116] watchAllDir unable to walk dir `c:\\Metysara-proud\\dataconnect`: GetFileAttributesEx c:\\Metysara-proud\\dataconnect: The system cannot find the file specified.\nE0421 19:58:08.353422   11408 watch.go:40] Failed to load config from \"c:\\\\Metysara-proud\\\\dataconnect\": could not find dataconnect.yaml in `c:\\Metysara-proud\\dataconnect`\n"}}
[debug] [2026-04-21T17:58:18.353Z] E0421 19:58:18.353613   11408 watch.go:40] Failed to load config from "c:\\Metysara-proud\\dataconnect": could not find dataconnect.yaml in `c:\Metysara-proud\dataconnect`
 {"metadata":{"emulator":{"name":"dataconnect"},"message":"E0421 19:58:18.353613   11408 watch.go:40] Failed to load config from \"c:\\\\Metysara-proud\\\\dataconnect\": could not find dataconnect.yaml in `c:\\Metysara-proud\\dataconnect`\n"}}
[debug] [2026-04-21T17:58:28.353Z] E0421 19:58:28.353625   11408 watch.go:40] Failed to load config from "c:\\Metysara-proud\\dataconnect": could not find dataconnect.yaml in `c:\Metysara-proud\dataconnect`
 {"metadata":{"emulator":{"name":"dataconnect"},"message":"E0421 19:58:28.353625   11408 watch.go:40] Failed to load config from \"c:\\\\Metysara-proud\\\\dataconnect\": could not find dataconnect.yaml in `c:\\Metysara-proud\\dataconnect`\n"}}
[debug] [2026-04-21T17:58:38.353Z] E0421 19:58:38.353699   11408 watch.go:40] Failed to load config from "c:\\Metysara-proud\\dataconnect": could not find dataconnect.yaml in `c:\Metysara-proud\dataconnect`
 {"metadata":{"emulator":{"name":"dataconnect"},"message":"E0421 19:58:38.353699   11408 watch.go:40] Failed to load config from \"c:\\\\Metysara-proud\\\\dataconnect\": could not find dataconnect.yaml in `c:\\Metysara-proud\\dataconnect`\n"}}
[debug] [2026-04-21T17:58:48.353Z] E0421 19:58:48.353343   11408 watch.go:40] Failed to load config from "c:\\Metysara-proud\\dataconnect": could not find dataconnect.yaml in `c:\Metysara-proud\dataconnect`
 {"metadata":{"emulator":{"name":"dataconnect"},"message":"E0421 19:58:48.353343   11408 watch.go:40] Failed to load config from \"c:\\\\Metysara-proud\\\\dataconnect\": could not find dataconnect.yaml in `c:\\Metysara-proud\\dataconnect`\n"}}
[debug] [2026-04-21T18:25:36.081Z] E0421 20:25:35.880809   11408 watch.go:116] watchAllDir unable to walk dir `c:\Metysara-proud\dataconnect`: GetFileAttributesEx c:\Metysara-proud\dataconnect: The system cannot find the file specified.
E0421 20:25:35.880809   11408 watch.go:40] Failed to load config from "c:\\Metysara-proud\\dataconnect": could not find dataconnect.yaml in `c:\Metysara-proud\dataconnect`
 {"metadata":{"emulator":{"name":"dataconnect"},"message":"E0421 20:25:35.880809   11408 watch.go:116] watchAllDir unable to walk dir `c:\\Metysara-proud\\dataconnect`: GetFileAttributesEx c:\\Metysara-proud\\dataconnect: The system cannot find the file specified.\nE0421 20:25:35.880809   11408 watch.go:40] Failed to load config from \"c:\\\\Metysara-proud\\\\dataconnect\": could not find dataconnect.yaml in `c:\\Metysara-proud\\dataconnect`\n"}}
[debug] [2026-04-21T18:25:38.359Z] E0421 20:25:38.358202   11408 watch.go:40] Failed to load config from "c:\\Metysara-proud\\dataconnect": could not find dataconnect.yaml in `c:\Metysara-proud\dataconnect`
 {"metadata":{"emulator":{"name":"dataconnect"},"message":"E0421 20:25:38.358202   11408 watch.go:40] Failed to load config from \"c:\\\\Metysara-proud\\\\dataconnect\": could not find dataconnect.yaml in `c:\\Metysara-proud\\dataconnect`\n"}}
[debug] [2026-04-21T18:25:48.362Z] E0421 20:25:48.362498   11408 watch.go:40] Failed to load config from "c:\\Metysara-proud\\dataconnect": could not find dataconnect.yaml in `c:\Metysara-proud\dataconnect`
 {"metadata":{"emulator":{"name":"dataconnect"},"message":"E0421 20:25:48.362498   11408 watch.go:40] Failed to load config from \"c:\\\\Metysara-proud\\\\dataconnect\": could not find dataconnect.yaml in `c:\\Metysara-proud\\dataconnect`\n"}}
[debug] [2026-04-21T18:25:58.354Z] E0421 20:25:58.354570   11408 watch.go:40] Failed to load config from "c:\\Metysara-proud\\dataconnect": could not find dataconnect.yaml in `c:\Metysara-proud\dataconnect`
 {"metadata":{"emulator":{"name":"dataconnect"},"message":"E0421 20:25:58.354570   11408 watch.go:40] Failed to load config from \"c:\\\\Metysara-proud\\\\dataconnect\": could not find dataconnect.yaml in `c:\\Metysara-proud\\dataconnect`\n"}}
[debug] [2026-04-21T18:26:08.353Z] E0421 20:26:08.353383   11408 watch.go:40] Failed to load config from "c:\\Metysara-proud\\dataconnect": could not find dataconnect.yaml in `c:\Metysara-proud\dataconnect`
 {"metadata":{"emulator":{"name":"dataconnect"},"message":"E0421 20:26:08.353383   11408 watch.go:40] Failed to load config from \"c:\\\\Metysara-proud\\\\dataconnect\": could not find dataconnect.yaml in `c:\\Metysara-proud\\dataconnect`\n"}}
[debug] [2026-04-21T18:26:08.355Z] E0421 20:26:08.353383   11408 watch.go:116] watchAllDir unable to walk dir `c:\Metysara-proud\dataconnect`: GetFileAttributesEx c:\Metysara-proud\dataconnect: The system cannot find the file specified.
 {"metadata":{"emulator":{"name":"dataconnect"},"message":"E0421 20:26:08.353383   11408 watch.go:116] watchAllDir unable to walk dir `c:\\Metysara-proud\\dataconnect`: GetFileAttributesEx c:\\Metysara-proud\\dataconnect: The system cannot find the file specified.\n"}}
[debug] [2026-04-21T18:26:18.353Z] E0421 20:26:18.353648   11408 watch.go:40] Failed to load config from "c:\\Metysara-proud\\dataconnect": could not find dataconnect.yaml in `c:\Metysara-proud\dataconnect`
 {"metadata":{"emulator":{"name":"dataconnect"},"message":"E0421 20:26:18.353648   11408 watch.go:40] Failed to load config from \"c:\\\\Metysara-proud\\\\dataconnect\": could not find dataconnect.yaml in `c:\\Metysara-proud\\dataconnect`\n"}}
[debug] [2026-04-21T18:26:28.353Z] E0421 20:26:28.353375   11408 watch.go:40] Failed to load config from "c:\\Metysara-proud\\dataconnect": could not find dataconnect.yaml in `c:\Metysara-proud\dataconnect`
 {"metadata":{"emulator":{"name":"dataconnect"},"message":"E0421 20:26:28.353375   11408 watch.go:40] Failed to load config from \"c:\\\\Metysara-proud\\\\dataconnect\": could not find dataconnect.yaml in `c:\\Metysara-proud\\dataconnect`\n"}}
[debug] [2026-04-21T18:26:38.353Z] E0421 20:26:38.353744   11408 watch.go:40] Failed to load config from "c:\\Metysara-proud\\dataconnect": could not find dataconnect.yaml in `c:\Metysara-proud\dataconnect`
 {"metadata":{"emulator":{"name":"dataconnect"},"message":"E0421 20:26:38.353744   11408 watch.go:40] Failed to load config from \"c:\\\\Metysara-proud\\\\dataconnect\": could not find dataconnect.yaml in `c:\\Metysara-proud\\dataconnect`\n"}}
[debug] [2026-04-21T18:26:48.353Z] E0421 20:26:48.353556   11408 watch.go:40] Failed to load config from "c:\\Metysara-proud\\dataconnect": could not find dataconnect.yaml in `c:\Metysara-proud\dataconnect`
 {"metadata":{"emulator":{"name":"dataconnect"},"message":"E0421 20:26:48.353556   11408 watch.go:40] Failed to load config from \"c:\\\\Metysara-proud\\\\dataconnect\": could not find dataconnect.yaml in `c:\\Metysara-proud\\dataconnect`\n"}}
[debug] [2026-04-21T18:26:58.353Z] E0421 20:26:58.353800   11408 watch.go:40] Failed to load config from "c:\\Metysara-proud\\dataconnect": could not find dataconnect.yaml in `c:\Metysara-proud\dataconnect`
 {"metadata":{"emulator":{"name":"dataconnect"},"message":"E0421 20:26:58.353800   11408 watch.go:40] Failed to load config from \"c:\\\\Metysara-proud\\\\dataconnect\": could not find dataconnect.yaml in `c:\\Metysara-proud\\dataconnect`\n"}}
[debug] [2026-04-21T18:27:08.353Z] E0421 20:27:08.353594   11408 watch.go:116] watchAllDir unable to walk dir `c:\Metysara-proud\dataconnect`: GetFileAttributesEx c:\Metysara-proud\dataconnect: The system cannot find the file specified.
E0421 20:27:08.353594   11408 watch.go:40] Failed to load config from "c:\\Metysara-proud\\dataconnect": could not find dataconnect.yaml in `c:\Metysara-proud\dataconnect`
 {"metadata":{"emulator":{"name":"dataconnect"},"message":"E0421 20:27:08.353594   11408 watch.go:116] watchAllDir unable to walk dir `c:\\Metysara-proud\\dataconnect`: GetFileAttributesEx c:\\Metysara-proud\\dataconnect: The system cannot find the file specified.\nE0421 20:27:08.353594   11408 watch.go:40] Failed to load config from \"c:\\\\Metysara-proud\\\\dataconnect\": could not find dataconnect.yaml in `c:\\Metysara-proud\\dataconnect`\n"}}
[debug] [2026-04-21T18:27:18.353Z] E0421 20:27:18.353844   11408 watch.go:40] Failed to load config from "c:\\Metysara-proud\\dataconnect": could not find dataconnect.yaml in `c:\Metysara-proud\dataconnect`
 {"metadata":{"emulator":{"name":"dataconnect"},"message":"E0421 20:27:18.353844   11408 watch.go:40] Failed to load config from \"c:\\\\Metysara-proud\\\\dataconnect\": could not find dataconnect.yaml in `c:\\Metysara-proud\\dataconnect`\n"}}
[debug] [2026-04-21T18:27:28.353Z] E0421 20:27:28.353669   11408 watch.go:40] Failed to load config from "c:\\Metysara-proud\\dataconnect": could not find dataconnect.yaml in `c:\Metysara-proud\dataconnect`
 {"metadata":{"emulator":{"name":"dataconnect"},"message":"E0421 20:27:28.353669   11408 watch.go:40] Failed to load config from \"c:\\\\Metysara-proud\\\\dataconnect\": could not find dataconnect.yaml in `c:\\Metysara-proud\\dataconnect`\n"}}
[debug] [2026-04-21T18:27:38.352Z] E0421 20:27:38.353370   11408 watch.go:40] Failed to load config from "c:\\Metysara-proud\\dataconnect": could not find dataconnect.yaml in `c:\Metysara-proud\dataconnect`
 {"metadata":{"emulator":{"name":"dataconnect"},"message":"E0421 20:27:38.353370   11408 watch.go:40] Failed to load config from \"c:\\\\Metysara-proud\\\\dataconnect\": could not find dataconnect.yaml in `c:\\Metysara-proud\\dataconnect`\n"}}
[debug] [2026-04-21T18:27:48.353Z] E0421 20:27:48.353713   11408 watch.go:40] Failed to load config from "c:\\Metysara-proud\\dataconnect": could not find dataconnect.yaml in `c:\Metysara-proud\dataconnect`
 {"metadata":{"emulator":{"name":"dataconnect"},"message":"E0421 20:27:48.353713   11408 watch.go:40] Failed to load config from \"c:\\\\Metysara-proud\\\\dataconnect\": could not find dataconnect.yaml in `c:\\Metysara-proud\\dataconnect`\n"}}
[debug] [2026-04-21T18:27:58.353Z] E0421 20:27:58.353756   11408 watch.go:40] Failed to load config from "c:\\Metysara-proud\\dataconnect": could not find dataconnect.yaml in `c:\Metysara-proud\dataconnect`
 {"metadata":{"emulator":{"name":"dataconnect"},"message":"E0421 20:27:58.353756   11408 watch.go:40] Failed to load config from \"c:\\\\Metysara-proud\\\\dataconnect\": could not find dataconnect.yaml in `c:\\Metysara-proud\\dataconnect`\n"}}
[debug] [2026-04-21T18:28:08.353Z] E0421 20:28:08.353728   11408 watch.go:116] watchAllDir unable to walk dir `c:\Metysara-proud\dataconnect`: GetFileAttributesEx c:\Metysara-proud\dataconnect: The system cannot find the file specified.
E0421 20:28:08.353728   11408 watch.go:40] Failed to load config from "c:\\Metysara-proud\\dataconnect": could not find dataconnect.yaml in `c:\Metysara-proud\dataconnect`
 {"metadata":{"emulator":{"name":"dataconnect"},"message":"E0421 20:28:08.353728   11408 watch.go:116] watchAllDir unable to walk dir `c:\\Metysara-proud\\dataconnect`: GetFileAttributesEx c:\\Metysara-proud\\dataconnect: The system cannot find the file specified.\nE0421 20:28:08.353728   11408 watch.go:40] Failed to load config from \"c:\\\\Metysara-proud\\\\dataconnect\": could not find dataconnect.yaml in `c:\\Metysara-proud\\dataconnect`\n"}}
[debug] [2026-04-21T18:28:18.353Z] E0421 20:28:18.353633   11408 watch.go:40] Failed to load config from "c:\\Metysara-proud\\dataconnect": could not find dataconnect.yaml in `c:\Metysara-proud\dataconnect`
 {"metadata":{"emulator":{"name":"dataconnect"},"message":"E0421 20:28:18.353633   11408 watch.go:40] Failed to load config from \"c:\\\\Metysara-proud\\\\dataconnect\": could not find dataconnect.yaml in `c:\\Metysara-proud\\dataconnect`\n"}}
[debug] [2026-04-21T18:28:28.354Z] E0421 20:28:28.354000   11408 watch.go:40] Failed to load config from "c:\\Metysara-proud\\dataconnect": could not find dataconnect.yaml in `c:\Metysara-proud\dataconnect`
 {"metadata":{"emulator":{"name":"dataconnect"},"message":"E0421 20:28:28.354000   11408 watch.go:40] Failed to load config from \"c:\\\\Metysara-proud\\\\dataconnect\": could not find dataconnect.yaml in `c:\\Metysara-proud\\dataconnect`\n"}}
[debug] [2026-04-21T18:28:38.353Z] E0421 20:28:38.353439   11408 watch.go:40] Failed to load config from "c:\\Metysara-proud\\dataconnect": could not find dataconnect.yaml in `c:\Metysara-proud\dataconnect`
 {"metadata":{"emulator":{"name":"dataconnect"},"message":"E0421 20:28:38.353439   11408 watch.go:40] Failed to load config from \"c:\\\\Metysara-proud\\\\dataconnect\": could not find dataconnect.yaml in `c:\\Metysara-proud\\dataconnect`\n"}}
[debug] [2026-04-21T18:28:48.353Z] E0421 20:28:48.353652   11408 watch.go:40] Failed to load config from "c:\\Metysara-proud\\dataconnect": could not find dataconnect.yaml in `c:\Metysara-proud\dataconnect`
 {"metadata":{"emulator":{"name":"dataconnect"},"message":"E0421 20:28:48.353652   11408 watch.go:40] Failed to load config from \"c:\\\\Metysara-proud\\\\dataconnect\": could not find dataconnect.yaml in `c:\\Metysara-proud\\dataconnect`\n"}}
[debug] [2026-04-21T18:28:58.353Z] E0421 20:28:58.353503   11408 watch.go:40] Failed to load config from "c:\\Metysara-proud\\dataconnect": could not find dataconnect.yaml in `c:\Metysara-proud\dataconnect`
 {"metadata":{"emulator":{"name":"dataconnect"},"message":"E0421 20:28:58.353503   11408 watch.go:40] Failed to load config from \"c:\\\\Metysara-proud\\\\dataconnect\": could not find dataconnect.yaml in `c:\\Metysara-proud\\dataconnect`\n"}}
[debug] [2026-04-21T18:29:08.353Z] E0421 20:29:08.353606   11408 watch.go:116] watchAllDir unable to walk dir `c:\Metysara-proud\dataconnect`: GetFileAttributesEx c:\Metysara-proud\dataconnect: The system cannot find the file specified.
E0421 20:29:08.353606   11408 watch.go:40] Failed to load config from "c:\\Metysara-proud\\dataconnect": could not find dataconnect.yaml in `c:\Metysara-proud\dataconnect`
 {"metadata":{"emulator":{"name":"dataconnect"},"message":"E0421 20:29:08.353606   11408 watch.go:116] watchAllDir unable to walk dir `c:\\Metysara-proud\\dataconnect`: GetFileAttributesEx c:\\Metysara-proud\\dataconnect: The system cannot find the file specified.\nE0421 20:29:08.353606   11408 watch.go:40] Failed to load config from \"c:\\\\Metysara-proud\\\\dataconnect\": could not find dataconnect.yaml in `c:\\Metysara-proud\\dataconnect`\n"}}
[debug] [2026-04-21T18:29:18.366Z] E0421 20:29:18.364202   11408 watch.go:40] Failed to load config from "c:\\Metysara-proud\\dataconnect": could not find dataconnect.yaml in `c:\Metysara-proud\dataconnect`
 {"metadata":{"emulator":{"name":"dataconnect"},"message":"E0421 20:29:18.364202   11408 watch.go:40] Failed to load config from \"c:\\\\Metysara-proud\\\\dataconnect\": could not find dataconnect.yaml in `c:\\Metysara-proud\\dataconnect`\n"}}
[debug] [2026-04-21T18:29:28.353Z] E0421 20:29:28.353804   11408 watch.go:40] Failed to load config from "c:\\Metysara-proud\\dataconnect": could not find dataconnect.yaml in `c:\Metysara-proud\dataconnect`
 {"metadata":{"emulator":{"name":"dataconnect"},"message":"E0421 20:29:28.353804   11408 watch.go:40] Failed to load config from \"c:\\\\Metysara-proud\\\\dataconnect\": could not find dataconnect.yaml in `c:\\Metysara-proud\\dataconnect`\n"}}
[debug] [2026-04-21T18:29:38.352Z] E0421 20:29:38.353437   11408 watch.go:40] Failed to load config from "c:\\Metysara-proud\\dataconnect": could not find dataconnect.yaml in `c:\Metysara-proud\dataconnect`
 {"metadata":{"emulator":{"name":"dataconnect"},"message":"E0421 20:29:38.353437   11408 watch.go:40] Failed to load config from \"c:\\\\Metysara-proud\\\\dataconnect\": could not find dataconnect.yaml in `c:\\Metysara-proud\\dataconnect`\n"}}
[debug] [2026-04-21T18:29:48.353Z] E0421 20:29:48.353806   11408 watch.go:40] Failed to load config from "c:\\Metysara-proud\\dataconnect": could not find dataconnect.yaml in `c:\Metysara-proud\dataconnect`
 {"metadata":{"emulator":{"name":"dataconnect"},"message":"E0421 20:29:48.353806   11408 watch.go:40] Failed to load config from \"c:\\\\Metysara-proud\\\\dataconnect\": could not find dataconnect.yaml in `c:\\Metysara-proud\\dataconnect`\n"}}
[debug] [2026-04-21T18:29:58.352Z] E0421 20:29:58.353475   11408 watch.go:40] Failed to load config from "c:\\Metysara-proud\\dataconnect": could not find dataconnect.yaml in `c:\Metysara-proud\dataconnect`
 {"metadata":{"emulator":{"name":"dataconnect"},"message":"E0421 20:29:58.353475   11408 watch.go:40] Failed to load config from \"c:\\\\Metysara-proud\\\\dataconnect\": could not find dataconnect.yaml in `c:\\Metysara-proud\\dataconnect`\n"}}
[debug] [2026-04-21T18:30:08.352Z] E0421 20:30:08.353288   11408 watch.go:40] Failed to load config from "c:\\Metysara-proud\\dataconnect": could not find dataconnect.yaml in `c:\Metysara-proud\dataconnect`
E0421 20:30:08.353288   11408 watch.go:116] watchAllDir unable to walk dir `c:\Metysara-proud\dataconnect`: GetFileAttributesEx c:\Metysara-proud\dataconnect: The system cannot find the file specified.
 {"metadata":{"emulator":{"name":"dataconnect"},"message":"E0421 20:30:08.353288   11408 watch.go:40] Failed to load config from \"c:\\\\Metysara-proud\\\\dataconnect\": could not find dataconnect.yaml in `c:\\Metysara-proud\\dataconnect`\nE0421 20:30:08.353288   11408 watch.go:116] watchAllDir unable to walk dir `c:\\Metysara-proud\\dataconnect`: GetFileAttributesEx c:\\Metysara-proud\\dataconnect: The system cannot find the file specified.\n"}}
[debug] [2026-04-21T18:30:18.353Z] E0421 20:30:18.353728   11408 watch.go:40] Failed to load config from "c:\\Metysara-proud\\dataconnect": could not find dataconnect.yaml in `c:\Metysara-proud\dataconnect`
 {"metadata":{"emulator":{"name":"dataconnect"},"message":"E0421 20:30:18.353728   11408 watch.go:40] Failed to load config from \"c:\\\\Metysara-proud\\\\dataconnect\": could not find dataconnect.yaml in `c:\\Metysara-proud\\dataconnect`\n"}}
[debug] [2026-04-21T18:30:28.353Z] E0421 20:30:28.353793   11408 watch.go:40] Failed to load config from "c:\\Metysara-proud\\dataconnect": could not find dataconnect.yaml in `c:\Metysara-proud\dataconnect`
 {"metadata":{"emulator":{"name":"dataconnect"},"message":"E0421 20:30:28.353793   11408 watch.go:40] Failed to load config from \"c:\\\\Metysara-proud\\\\dataconnect\": could not find dataconnect.yaml in `c:\\Metysara-proud\\dataconnect`\n"}}
[debug] [2026-04-21T18:30:38.353Z] E0421 20:30:38.353413   11408 watch.go:40] Failed to load config from "c:\\Metysara-proud\\dataconnect": could not find dataconnect.yaml in `c:\Metysara-proud\dataconnect`
 {"metadata":{"emulator":{"name":"dataconnect"},"message":"E0421 20:30:38.353413   11408 watch.go:40] Failed to load config from \"c:\\\\Metysara-proud\\\\dataconnect\": could not find dataconnect.yaml in `c:\\Metysara-proud\\dataconnect`\n"}}
[debug] [2026-04-21T18:30:48.352Z] E0421 20:30:48.353277   11408 watch.go:40] Failed to load config from "c:\\Metysara-proud\\dataconnect": could not find dataconnect.yaml in `c:\Metysara-proud\dataconnect`
 {"metadata":{"emulator":{"name":"dataconnect"},"message":"E0421 20:30:48.353277   11408 watch.go:40] Failed to load config from \"c:\\\\Metysara-proud\\\\dataconnect\": could not find dataconnect.yaml in `c:\\Metysara-proud\\dataconnect`\n"}}
[debug] [2026-04-21T18:30:58.353Z] E0421 20:30:58.353416   11408 watch.go:40] Failed to load config from "c:\\Metysara-proud\\dataconnect": could not find dataconnect.yaml in `c:\Metysara-proud\dataconnect`
 {"metadata":{"emulator":{"name":"dataconnect"},"message":"E0421 20:30:58.353416   11408 watch.go:40] Failed to load config from \"c:\\\\Metysara-proud\\\\dataconnect\": could not find dataconnect.yaml in `c:\\Metysara-proud\\dataconnect`\n"}}
[debug] [2026-04-21T18:31:08.353Z] E0421 20:31:08.353749   11408 watch.go:116] watchAllDir unable to walk dir `c:\Metysara-proud\dataconnect`: GetFileAttributesEx c:\Metysara-proud\dataconnect: The system cannot find the file specified.
E0421 20:31:08.353749   11408 watch.go:40] Failed to load config from "c:\\Metysara-proud\\dataconnect": could not find dataconnect.yaml in `c:\Metysara-proud\dataconnect`
 {"metadata":{"emulator":{"name":"dataconnect"},"message":"E0421 20:31:08.353749   11408 watch.go:116] watchAllDir unable to walk dir `c:\\Metysara-proud\\dataconnect`: GetFileAttributesEx c:\\Metysara-proud\\dataconnect: The system cannot find the file specified.\nE0421 20:31:08.353749   11408 watch.go:40] Failed to load config from \"c:\\\\Metysara-proud\\\\dataconnect\": could not find dataconnect.yaml in `c:\\Metysara-proud\\dataconnect`\n"}}
[debug] [2026-04-21T18:31:18.355Z] E0421 20:31:18.355315   11408 watch.go:40] Failed to load config from "c:\\Metysara-proud\\dataconnect": could not find dataconnect.yaml in `c:\Metysara-proud\dataconnect`
 {"metadata":{"emulator":{"name":"dataconnect"},"message":"E0421 20:31:18.355315   11408 watch.go:40] Failed to load config from \"c:\\\\Metysara-proud\\\\dataconnect\": could not find dataconnect.yaml in `c:\\Metysara-proud\\dataconnect`\n"}}
[debug] [2026-04-21T18:31:28.353Z] E0421 20:31:28.353875   11408 watch.go:40] Failed to load config from "c:\\Metysara-proud\\dataconnect": could not find dataconnect.yaml in `c:\Metysara-proud\dataconnect`
 {"metadata":{"emulator":{"name":"dataconnect"},"message":"E0421 20:31:28.353875   11408 watch.go:40] Failed to load config from \"c:\\\\Metysara-proud\\\\dataconnect\": could not find dataconnect.yaml in `c:\\Metysara-proud\\dataconnect`\n"}}
[debug] [2026-04-21T18:31:38.354Z] E0421 20:31:38.354341   11408 watch.go:40] Failed to load config from "c:\\Metysara-proud\\dataconnect": could not find dataconnect.yaml in `c:\Metysara-proud\dataconnect`
 {"metadata":{"emulator":{"name":"dataconnect"},"message":"E0421 20:31:38.354341   11408 watch.go:40] Failed to load config from \"c:\\\\Metysara-proud\\\\dataconnect\": could not find dataconnect.yaml in `c:\\Metysara-proud\\dataconnect`\n"}}
[debug] [2026-04-21T18:31:48.353Z] E0421 20:31:48.353349   11408 watch.go:40] Failed to load config from "c:\\Metysara-proud\\dataconnect": could not find dataconnect.yaml in `c:\Metysara-proud\dataconnect`
 {"metadata":{"emulator":{"name":"dataconnect"},"message":"E0421 20:31:48.353349   11408 watch.go:40] Failed to load config from \"c:\\\\Metysara-proud\\\\dataconnect\": could not find dataconnect.yaml in `c:\\Metysara-proud\\dataconnect`\n"}}
[debug] [2026-04-21T18:31:58.353Z] E0421 20:31:58.353289   11408 watch.go:40] Failed to load config from "c:\\Metysara-proud\\dataconnect": could not find dataconnect.yaml in `c:\Metysara-proud\dataconnect`
 {"metadata":{"emulator":{"name":"dataconnect"},"message":"E0421 20:31:58.353289   11408 watch.go:40] Failed to load config from \"c:\\\\Metysara-proud\\\\dataconnect\": could not find dataconnect.yaml in `c:\\Metysara-proud\\dataconnect`\n"}}
[debug] [2026-04-21T18:32:08.354Z] E0421 20:32:08.353784   11408 watch.go:40] Failed to load config from "c:\\Metysara-proud\\dataconnect": could not find dataconnect.yaml in `c:\Metysara-proud\dataconnect`
E0421 20:32:08.353784   11408 watch.go:116] watchAllDir unable to walk dir `c:\Metysara-proud\dataconnect`: GetFileAttributesEx c:\Metysara-proud\dataconnect: The system cannot find the file specified.
 {"metadata":{"emulator":{"name":"dataconnect"},"message":"E0421 20:32:08.353784   11408 watch.go:40] Failed to load config from \"c:\\\\Metysara-proud\\\\dataconnect\": could not find dataconnect.yaml in `c:\\Metysara-proud\\dataconnect`\nE0421 20:32:08.353784   11408 watch.go:116] watchAllDir unable to walk dir `c:\\Metysara-proud\\dataconnect`: GetFileAttributesEx c:\\Metysara-proud\\dataconnect: The system cannot find the file specified.\n"}}
[debug] [2026-04-21T18:32:18.354Z] E0421 20:32:18.353756   11408 watch.go:40] Failed to load config from "c:\\Metysara-proud\\dataconnect": could not find dataconnect.yaml in `c:\Metysara-proud\dataconnect`
 {"metadata":{"emulator":{"name":"dataconnect"},"message":"E0421 20:32:18.353756   11408 watch.go:40] Failed to load config from \"c:\\\\Metysara-proud\\\\dataconnect\": could not find dataconnect.yaml in `c:\\Metysara-proud\\dataconnect`\n"}}
[debug] [2026-04-21T18:32:28.353Z] E0421 20:32:28.353479   11408 watch.go:40] Failed to load config from "c:\\Metysara-proud\\dataconnect": could not find dataconnect.yaml in `c:\Metysara-proud\dataconnect`
 {"metadata":{"emulator":{"name":"dataconnect"},"message":"E0421 20:32:28.353479   11408 watch.go:40] Failed to load config from \"c:\\\\Metysara-proud\\\\dataconnect\": could not find dataconnect.yaml in `c:\\Metysara-proud\\dataconnect`\n"}}
[debug] [2026-04-21T18:32:38.353Z] E0421 20:32:38.353394   11408 watch.go:40] Failed to load config from "c:\\Metysara-proud\\dataconnect": could not find dataconnect.yaml in `c:\Metysara-proud\dataconnect`
 {"metadata":{"emulator":{"name":"dataconnect"},"message":"E0421 20:32:38.353394   11408 watch.go:40] Failed to load config from \"c:\\\\Metysara-proud\\\\dataconnect\": could not find dataconnect.yaml in `c:\\Metysara-proud\\dataconnect`\n"}}
[debug] [2026-04-21T18:32:48.355Z] E0421 20:32:48.355498   11408 watch.go:40] Failed to load config from "c:\\Metysara-proud\\dataconnect": could not find dataconnect.yaml in `c:\Metysara-proud\dataconnect`
 {"metadata":{"emulator":{"name":"dataconnect"},"message":"E0421 20:32:48.355498   11408 watch.go:40] Failed to load config from \"c:\\\\Metysara-proud\\\\dataconnect\": could not find dataconnect.yaml in `c:\\Metysara-proud\\dataconnect`\n"}}
[debug] [2026-04-21T18:32:58.353Z] E0421 20:32:58.353394   11408 watch.go:40] Failed to load config from "c:\\Metysara-proud\\dataconnect": could not find dataconnect.yaml in `c:\Metysara-proud\dataconnect`
 {"metadata":{"emulator":{"name":"dataconnect"},"message":"E0421 20:32:58.353394   11408 watch.go:40] Failed to load config from \"c:\\\\Metysara-proud\\\\dataconnect\": could not find dataconnect.yaml in `c:\\Metysara-proud\\dataconnect`\n"}}
[debug] [2026-04-21T18:33:08.353Z] E0421 20:33:08.353687   11408 watch.go:116] watchAllDir unable to walk dir `c:\Metysara-proud\dataconnect`: GetFileAttributesEx c:\Metysara-proud\dataconnect: The system cannot find the file specified.
E0421 20:33:08.353687   11408 watch.go:40] Failed to load config from "c:\\Metysara-proud\\dataconnect": could not find dataconnect.yaml in `c:\Metysara-proud\dataconnect`
 {"metadata":{"emulator":{"name":"dataconnect"},"message":"E0421 20:33:08.353687   11408 watch.go:116] watchAllDir unable to walk dir `c:\\Metysara-proud\\dataconnect`: GetFileAttributesEx c:\\Metysara-proud\\dataconnect: The system cannot find the file specified.\nE0421 20:33:08.353687   11408 watch.go:40] Failed to load config from \"c:\\\\Metysara-proud\\\\dataconnect\": could not find dataconnect.yaml in `c:\\Metysara-proud\\dataconnect`\n"}}
[debug] [2026-04-21T18:33:18.353Z] E0421 20:33:18.353519   11408 watch.go:40] Failed to load config from "c:\\Metysara-proud\\dataconnect": could not find dataconnect.yaml in `c:\Metysara-proud\dataconnect`
 {"metadata":{"emulator":{"name":"dataconnect"},"message":"E0421 20:33:18.353519   11408 watch.go:40] Failed to load config from \"c:\\\\Metysara-proud\\\\dataconnect\": could not find dataconnect.yaml in `c:\\Metysara-proud\\dataconnect`\n"}}
[debug] [2026-04-21T18:33:28.353Z] E0421 20:33:28.353692   11408 watch.go:40] Failed to load config from "c:\\Metysara-proud\\dataconnect": could not find dataconnect.yaml in `c:\Metysara-proud\dataconnect`
 {"metadata":{"emulator":{"name":"dataconnect"},"message":"E0421 20:33:28.353692   11408 watch.go:40] Failed to load config from \"c:\\\\Metysara-proud\\\\dataconnect\": could not find dataconnect.yaml in `c:\\Metysara-proud\\dataconnect`\n"}}
[debug] [2026-04-21T18:33:38.353Z] E0421 20:33:38.353403   11408 watch.go:40] Failed to load config from "c:\\Metysara-proud\\dataconnect": could not find dataconnect.yaml in `c:\Metysara-proud\dataconnect`
 {"metadata":{"emulator":{"name":"dataconnect"},"message":"E0421 20:33:38.353403   11408 watch.go:40] Failed to load config from \"c:\\\\Metysara-proud\\\\dataconnect\": could not find dataconnect.yaml in `c:\\Metysara-proud\\dataconnect`\n"}}
[debug] [2026-04-21T18:33:48.354Z] E0421 20:33:48.353947   11408 watch.go:40] Failed to load config from "c:\\Metysara-proud\\dataconnect": could not find dataconnect.yaml in `c:\Metysara-proud\dataconnect`
 {"metadata":{"emulator":{"name":"dataconnect"},"message":"E0421 20:33:48.353947   11408 watch.go:40] Failed to load config from \"c:\\\\Metysara-proud\\\\dataconnect\": could not find dataconnect.yaml in `c:\\Metysara-proud\\dataconnect`\n"}}
[debug] [2026-04-21T18:33:58.353Z] E0421 20:33:58.353513   11408 watch.go:40] Failed to load config from "c:\\Metysara-proud\\dataconnect": could not find dataconnect.yaml in `c:\Metysara-proud\dataconnect`
 {"metadata":{"emulator":{"name":"dataconnect"},"message":"E0421 20:33:58.353513   11408 watch.go:40] Failed to load config from \"c:\\\\Metysara-proud\\\\dataconnect\": could not find dataconnect.yaml in `c:\\Metysara-proud\\dataconnect`\n"}}
[debug] [2026-04-21T18:34:08.354Z] E0421 20:34:08.353601   11408 watch.go:40] Failed to load config from "c:\\Metysara-proud\\dataconnect": could not find dataconnect.yaml in `c:\Metysara-proud\dataconnect`
E0421 20:34:08.353601   11408 watch.go:116] watchAllDir unable to walk dir `c:\Metysara-proud\dataconnect`: GetFileAttributesEx c:\Metysara-proud\dataconnect: The system cannot find the file specified.
 {"metadata":{"emulator":{"name":"dataconnect"},"message":"E0421 20:34:08.353601   11408 watch.go:40] Failed to load config from \"c:\\\\Metysara-proud\\\\dataconnect\": could not find dataconnect.yaml in `c:\\Metysara-proud\\dataconnect`\nE0421 20:34:08.353601   11408 watch.go:116] watchAllDir unable to walk dir `c:\\Metysara-proud\\dataconnect`: GetFileAttributesEx c:\\Metysara-proud\\dataconnect: The system cannot find the file specified.\n"}}
[debug] [2026-04-21T18:34:18.356Z] E0421 20:34:18.356704   11408 watch.go:40] Failed to load config from "c:\\Metysara-proud\\dataconnect": could not find dataconnect.yaml in `c:\Metysara-proud\dataconnect`
 {"metadata":{"emulator":{"name":"dataconnect"},"message":"E0421 20:34:18.356704   11408 watch.go:40] Failed to load config from \"c:\\\\Metysara-proud\\\\dataconnect\": could not find dataconnect.yaml in `c:\\Metysara-proud\\dataconnect`\n"}}
[debug] [2026-04-21T18:34:28.354Z] E0421 20:34:28.353435   11408 watch.go:40] Failed to load config from "c:\\Metysara-proud\\dataconnect": could not find dataconnect.yaml in `c:\Metysara-proud\dataconnect`
 {"metadata":{"emulator":{"name":"dataconnect"},"message":"E0421 20:34:28.353435   11408 watch.go:40] Failed to load config from \"c:\\\\Metysara-proud\\\\dataconnect\": could not find dataconnect.yaml in `c:\\Metysara-proud\\dataconnect`\n"}}
[debug] [2026-04-21T18:34:38.353Z] E0421 20:34:38.353446   11408 watch.go:40] Failed to load config from "c:\\Metysara-proud\\dataconnect": could not find dataconnect.yaml in `c:\Metysara-proud\dataconnect`
 {"metadata":{"emulator":{"name":"dataconnect"},"message":"E0421 20:34:38.353446   11408 watch.go:40] Failed to load config from \"c:\\\\Metysara-proud\\\\dataconnect\": could not find dataconnect.yaml in `c:\\Metysara-proud\\dataconnect`\n"}}
[debug] [2026-04-21T18:34:48.353Z] E0421 20:34:48.353615   11408 watch.go:40] Failed to load config from "c:\\Metysara-proud\\dataconnect": could not find dataconnect.yaml in `c:\Metysara-proud\dataconnect`
 {"metadata":{"emulator":{"name":"dataconnect"},"message":"E0421 20:34:48.353615   11408 watch.go:40] Failed to load config from \"c:\\\\Metysara-proud\\\\dataconnect\": could not find dataconnect.yaml in `c:\\Metysara-proud\\dataconnect`\n"}}
[debug] [2026-04-21T18:34:58.353Z] E0421 20:34:58.353529   11408 watch.go:40] Failed to load config from "c:\\Metysara-proud\\dataconnect": could not find dataconnect.yaml in `c:\Metysara-proud\dataconnect`
 {"metadata":{"emulator":{"name":"dataconnect"},"message":"E0421 20:34:58.353529   11408 watch.go:40] Failed to load config from \"c:\\\\Metysara-proud\\\\dataconnect\": could not find dataconnect.yaml in `c:\\Metysara-proud\\dataconnect`\n"}}
[debug] [2026-04-21T18:35:08.354Z] E0421 20:35:08.353883   11408 watch.go:116] watchAllDir unable to walk dir `c:\Metysara-proud\dataconnect`: GetFileAttributesEx c:\Metysara-proud\dataconnect: The system cannot find the file specified.
E0421 20:35:08.353883   11408 watch.go:40] Failed to load config from "c:\\Metysara-proud\\dataconnect": could not find dataconnect.yaml in `c:\Metysara-proud\dataconnect`
 {"metadata":{"emulator":{"name":"dataconnect"},"message":"E0421 20:35:08.353883   11408 watch.go:116] watchAllDir unable to walk dir `c:\\Metysara-proud\\dataconnect`: GetFileAttributesEx c:\\Metysara-proud\\dataconnect: The system cannot find the file specified.\nE0421 20:35:08.353883   11408 watch.go:40] Failed to load config from \"c:\\\\Metysara-proud\\\\dataconnect\": could not find dataconnect.yaml in `c:\\Metysara-proud\\dataconnect`\n"}}
[debug] [2026-04-21T18:35:18.354Z] E0421 20:35:18.353778   11408 watch.go:40] Failed to load config from "c:\\Metysara-proud\\dataconnect": could not find dataconnect.yaml in `c:\Metysara-proud\dataconnect`
 {"metadata":{"emulator":{"name":"dataconnect"},"message":"E0421 20:35:18.353778   11408 watch.go:40] Failed to load config from \"c:\\\\Metysara-proud\\\\dataconnect\": could not find dataconnect.yaml in `c:\\Metysara-proud\\dataconnect`\n"}}
[debug] [2026-04-21T18:35:28.353Z] E0421 20:35:28.353452   11408 watch.go:40] Failed to load config from "c:\\Metysara-proud\\dataconnect": could not find dataconnect.yaml in `c:\Metysara-proud\dataconnect`
 {"metadata":{"emulator":{"name":"dataconnect"},"message":"E0421 20:35:28.353452   11408 watch.go:40] Failed to load config from \"c:\\\\Metysara-proud\\\\dataconnect\": could not find dataconnect.yaml in `c:\\Metysara-proud\\dataconnect`\n"}}
[debug] [2026-04-21T18:35:38.353Z] E0421 20:35:38.353451   11408 watch.go:40] Failed to load config from "c:\\Metysara-proud\\dataconnect": could not find dataconnect.yaml in `c:\Metysara-proud\dataconnect`
 {"metadata":{"emulator":{"name":"dataconnect"},"message":"E0421 20:35:38.353451   11408 watch.go:40] Failed to load config from \"c:\\\\Metysara-proud\\\\dataconnect\": could not find dataconnect.yaml in `c:\\Metysara-proud\\dataconnect`\n"}}
[debug] [2026-04-21T18:35:48.353Z] E0421 20:35:48.353519   11408 watch.go:40] Failed to load config from "c:\\Metysara-proud\\dataconnect": could not find dataconnect.yaml in `c:\Metysara-proud\dataconnect`
 {"metadata":{"emulator":{"name":"dataconnect"},"message":"E0421 20:35:48.353519   11408 watch.go:40] Failed to load config from \"c:\\\\Metysara-proud\\\\dataconnect\": could not find dataconnect.yaml in `c:\\Metysara-proud\\dataconnect`\n"}}
[debug] [2026-04-21T18:35:58.354Z] E0421 20:35:58.354417   11408 watch.go:40] Failed to load config from "c:\\Metysara-proud\\dataconnect": could not find dataconnect.yaml in `c:\Metysara-proud\dataconnect`
 {"metadata":{"emulator":{"name":"dataconnect"},"message":"E0421 20:35:58.354417   11408 watch.go:40] Failed to load config from \"c:\\\\Metysara-proud\\\\dataconnect\": could not find dataconnect.yaml in `c:\\Metysara-proud\\dataconnect`\n"}}
[debug] [2026-04-21T18:36:08.353Z] E0421 20:36:08.353812   11408 watch.go:116] watchAllDir unable to walk dir `c:\Metysara-proud\dataconnect`: GetFileAttributesEx c:\Metysara-proud\dataconnect: The system cannot find the file specified.
E0421 20:36:08.353812   11408 watch.go:40] Failed to load config from "c:\\Metysara-proud\\dataconnect": could not find dataconnect.yaml in `c:\Metysara-proud\dataconnect`
 {"metadata":{"emulator":{"name":"dataconnect"},"message":"E0421 20:36:08.353812   11408 watch.go:116] watchAllDir unable to walk dir `c:\\Metysara-proud\\dataconnect`: GetFileAttributesEx c:\\Metysara-proud\\dataconnect: The system cannot find the file specified.\nE0421 20:36:08.353812   11408 watch.go:40] Failed to load config from \"c:\\\\Metysara-proud\\\\dataconnect\": could not find dataconnect.yaml in `c:\\Metysara-proud\\dataconnect`\n"}}
[debug] [2026-04-21T18:36:18.353Z] E0421 20:36:18.353562   11408 watch.go:40] Failed to load config from "c:\\Metysara-proud\\dataconnect": could not find dataconnect.yaml in `c:\Metysara-proud\dataconnect`
 {"metadata":{"emulator":{"name":"dataconnect"},"message":"E0421 20:36:18.353562   11408 watch.go:40] Failed to load config from \"c:\\\\Metysara-proud\\\\dataconnect\": could not find dataconnect.yaml in `c:\\Metysara-proud\\dataconnect`\n"}}
[debug] [2026-04-21T18:36:28.353Z] E0421 20:36:28.353422   11408 watch.go:40] Failed to load config from "c:\\Metysara-proud\\dataconnect": could not find dataconnect.yaml in `c:\Metysara-proud\dataconnect`
 {"metadata":{"emulator":{"name":"dataconnect"},"message":"E0421 20:36:28.353422   11408 watch.go:40] Failed to load config from \"c:\\\\Metysara-proud\\\\dataconnect\": could not find dataconnect.yaml in `c:\\Metysara-proud\\dataconnect`\n"}}
[debug] [2026-04-21T18:36:38.353Z] E0421 20:36:38.353523   11408 watch.go:40] Failed to load config from "c:\\Metysara-proud\\dataconnect": could not find dataconnect.yaml in `c:\Metysara-proud\dataconnect`
 {"metadata":{"emulator":{"name":"dataconnect"},"message":"E0421 20:36:38.353523   11408 watch.go:40] Failed to load config from \"c:\\\\Metysara-proud\\\\dataconnect\": could not find dataconnect.yaml in `c:\\Metysara-proud\\dataconnect`\n"}}
[debug] [2026-04-21T18:36:48.353Z] E0421 20:36:48.353255   11408 watch.go:40] Failed to load config from "c:\\Metysara-proud\\dataconnect": could not find dataconnect.yaml in `c:\Metysara-proud\dataconnect`
 {"metadata":{"emulator":{"name":"dataconnect"},"message":"E0421 20:36:48.353255   11408 watch.go:40] Failed to load config from \"c:\\\\Metysara-proud\\\\dataconnect\": could not find dataconnect.yaml in `c:\\Metysara-proud\\dataconnect`\n"}}
[debug] [2026-04-21T18:36:58.353Z] E0421 20:36:58.353289   11408 watch.go:40] Failed to load config from "c:\\Metysara-proud\\dataconnect": could not find dataconnect.yaml in `c:\Metysara-proud\dataconnect`
 {"metadata":{"emulator":{"name":"dataconnect"},"message":"E0421 20:36:58.353289   11408 watch.go:40] Failed to load config from \"c:\\\\Metysara-proud\\\\dataconnect\": could not find dataconnect.yaml in `c:\\Metysara-proud\\dataconnect`\n"}}
[debug] [2026-04-21T18:37:08.353Z] E0421 20:37:08.353596   11408 watch.go:116] watchAllDir unable to walk dir `c:\Metysara-proud\dataconnect`: GetFileAttributesEx c:\Metysara-proud\dataconnect: The system cannot find the file specified.
E0421 20:37:08.353596   11408 watch.go:40] Failed to load config from "c:\\Metysara-proud\\dataconnect": could not find dataconnect.yaml in `c:\Metysara-proud\dataconnect`
 {"metadata":{"emulator":{"name":"dataconnect"},"message":"E0421 20:37:08.353596   11408 watch.go:116] watchAllDir unable to walk dir `c:\\Metysara-proud\\dataconnect`: GetFileAttributesEx c:\\Metysara-proud\\dataconnect: The system cannot find the file specified.\nE0421 20:37:08.353596   11408 watch.go:40] Failed to load config from \"c:\\\\Metysara-proud\\\\dataconnect\": could not find dataconnect.yaml in `c:\\Metysara-proud\\dataconnect`\n"}}
[debug] [2026-04-21T18:37:18.353Z] E0421 20:37:18.353510   11408 watch.go:40] Failed to load config from "c:\\Metysara-proud\\dataconnect": could not find dataconnect.yaml in `c:\Metysara-proud\dataconnect`
 {"metadata":{"emulator":{"name":"dataconnect"},"message":"E0421 20:37:18.353510   11408 watch.go:40] Failed to load config from \"c:\\\\Metysara-proud\\\\dataconnect\": could not find dataconnect.yaml in `c:\\Metysara-proud\\dataconnect`\n"}}
[debug] [2026-04-21T18:37:28.353Z] E0421 20:37:28.353431   11408 watch.go:40] Failed to load config from "c:\\Metysara-proud\\dataconnect": could not find dataconnect.yaml in `c:\Metysara-proud\dataconnect`
 {"metadata":{"emulator":{"name":"dataconnect"},"message":"E0421 20:37:28.353431   11408 watch.go:40] Failed to load config from \"c:\\\\Metysara-proud\\\\dataconnect\": could not find dataconnect.yaml in `c:\\Metysara-proud\\dataconnect`\n"}}
[debug] [2026-04-21T18:37:38.353Z] E0421 20:37:38.353541   11408 watch.go:40] Failed to load config from "c:\\Metysara-proud\\dataconnect": could not find dataconnect.yaml in `c:\Metysara-proud\dataconnect`
 {"metadata":{"emulator":{"name":"dataconnect"},"message":"E0421 20:37:38.353541   11408 watch.go:40] Failed to load config from \"c:\\\\Metysara-proud\\\\dataconnect\": could not find dataconnect.yaml in `c:\\Metysara-proud\\dataconnect`\n"}}
[debug] [2026-04-21T18:37:48.354Z] E0421 20:37:48.353635   11408 watch.go:40] Failed to load config from "c:\\Metysara-proud\\dataconnect": could not find dataconnect.yaml in `c:\Metysara-proud\dataconnect`
 {"metadata":{"emulator":{"name":"dataconnect"},"message":"E0421 20:37:48.353635   11408 watch.go:40] Failed to load config from \"c:\\\\Metysara-proud\\\\dataconnect\": could not find dataconnect.yaml in `c:\\Metysara-proud\\dataconnect`\n"}}
[debug] [2026-04-21T18:37:58.354Z] E0421 20:37:58.354033   11408 watch.go:40] Failed to load config from "c:\\Metysara-proud\\dataconnect": could not find dataconnect.yaml in `c:\Metysara-proud\dataconnect`
 {"metadata":{"emulator":{"name":"dataconnect"},"message":"E0421 20:37:58.354033   11408 watch.go:40] Failed to load config from \"c:\\\\Metysara-proud\\\\dataconnect\": could not find dataconnect.yaml in `c:\\Metysara-proud\\dataconnect`\n"}}
[debug] [2026-04-21T18:38:08.354Z] E0421 20:38:08.354115   11408 watch.go:116] watchAllDir unable to walk dir `c:\Metysara-proud\dataconnect`: GetFileAttributesEx c:\Metysara-proud\dataconnect: The system cannot find the file specified.
E0421 20:38:08.354115   11408 watch.go:40] Failed to load config from "c:\\Metysara-proud\\dataconnect": could not find dataconnect.yaml in `c:\Metysara-proud\dataconnect`
 {"metadata":{"emulator":{"name":"dataconnect"},"message":"E0421 20:38:08.354115   11408 watch.go:116] watchAllDir unable to walk dir `c:\\Metysara-proud\\dataconnect`: GetFileAttributesEx c:\\Metysara-proud\\dataconnect: The system cannot find the file specified.\nE0421 20:38:08.354115   11408 watch.go:40] Failed to load config from \"c:\\\\Metysara-proud\\\\dataconnect\": could not find dataconnect.yaml in `c:\\Metysara-proud\\dataconnect`\n"}}
[debug] [2026-04-21T18:38:18.354Z] E0421 20:38:18.353764   11408 watch.go:40] Failed to load config from "c:\\Metysara-proud\\dataconnect": could not find dataconnect.yaml in `c:\Metysara-proud\dataconnect`
 {"metadata":{"emulator":{"name":"dataconnect"},"message":"E0421 20:38:18.353764   11408 watch.go:40] Failed to load config from \"c:\\\\Metysara-proud\\\\dataconnect\": could not find dataconnect.yaml in `c:\\Metysara-proud\\dataconnect`\n"}}
[debug] [2026-04-21T18:38:28.353Z] E0421 20:38:28.353673   11408 watch.go:40] Failed to load config from "c:\\Metysara-proud\\dataconnect": could not find dataconnect.yaml in `c:\Metysara-proud\dataconnect`
 {"metadata":{"emulator":{"name":"dataconnect"},"message":"E0421 20:38:28.353673   11408 watch.go:40] Failed to load config from \"c:\\\\Metysara-proud\\\\dataconnect\": could not find dataconnect.yaml in `c:\\Metysara-proud\\dataconnect`\n"}}
[debug] [2026-04-21T18:38:38.353Z] E0421 20:38:38.353554   11408 watch.go:40] Failed to load config from "c:\\Metysara-proud\\dataconnect": could not find dataconnect.yaml in `c:\Metysara-proud\dataconnect`
 {"metadata":{"emulator":{"name":"dataconnect"},"message":"E0421 20:38:38.353554   11408 watch.go:40] Failed to load config from \"c:\\\\Metysara-proud\\\\dataconnect\": could not find dataconnect.yaml in `c:\\Metysara-proud\\dataconnect`\n"}}
[debug] [2026-04-21T18:38:48.353Z] E0421 20:38:48.353342   11408 watch.go:40] Failed to load config from "c:\\Metysara-proud\\dataconnect": could not find dataconnect.yaml in `c:\Metysara-proud\dataconnect`
 {"metadata":{"emulator":{"name":"dataconnect"},"message":"E0421 20:38:48.353342   11408 watch.go:40] Failed to load config from \"c:\\\\Metysara-proud\\\\dataconnect\": could not find dataconnect.yaml in `c:\\Metysara-proud\\dataconnect`\n"}}
[debug] [2026-04-21T18:38:58.353Z] E0421 20:38:58.353370   11408 watch.go:40] Failed to load config from "c:\\Metysara-proud\\dataconnect": could not find dataconnect.yaml in `c:\Metysara-proud\dataconnect`
 {"metadata":{"emulator":{"name":"dataconnect"},"message":"E0421 20:38:58.353370   11408 watch.go:40] Failed to load config from \"c:\\\\Metysara-proud\\\\dataconnect\": could not find dataconnect.yaml in `c:\\Metysara-proud\\dataconnect`\n"}}
[debug] [2026-04-21T18:39:10.087Z] E0421 20:39:08.353767   11408 watch.go:116] watchAllDir unable to walk dir `c:\Metysara-proud\dataconnect`: GetFileAttributesEx c:\Metysara-proud\dataconnect: The system cannot find the file specified.
E0421 20:39:08.353767   11408 watch.go:40] Failed to load config from "c:\\Metysara-proud\\dataconnect": could not find dataconnect.yaml in `c:\Metysara-proud\dataconnect`
 {"metadata":{"emulator":{"name":"dataconnect"},"message":"E0421 20:39:08.353767   11408 watch.go:116] watchAllDir unable to walk dir `c:\\Metysara-proud\\dataconnect`: GetFileAttributesEx c:\\Metysara-proud\\dataconnect: The system cannot find the file specified.\nE0421 20:39:08.353767   11408 watch.go:40] Failed to load config from \"c:\\\\Metysara-proud\\\\dataconnect\": could not find dataconnect.yaml in `c:\\Metysara-proud\\dataconnect`\n"}}
[debug] [2026-04-21T18:39:18.506Z] E0421 20:39:18.353355   11408 watch.go:40] Failed to load config from "c:\\Metysara-proud\\dataconnect": could not find dataconnect.yaml in `c:\Metysara-proud\dataconnect`
 {"metadata":{"emulator":{"name":"dataconnect"},"message":"E0421 20:39:18.353355   11408 watch.go:40] Failed to load config from \"c:\\\\Metysara-proud\\\\dataconnect\": could not find dataconnect.yaml in `c:\\Metysara-proud\\dataconnect`\n"}}
[debug] [2026-04-21T18:39:28.353Z] E0421 20:39:28.353877   11408 watch.go:40] Failed to load config from "c:\\Metysara-proud\\dataconnect": could not find dataconnect.yaml in `c:\Metysara-proud\dataconnect`
 {"metadata":{"emulator":{"name":"dataconnect"},"message":"E0421 20:39:28.353877   11408 watch.go:40] Failed to load config from \"c:\\\\Metysara-proud\\\\dataconnect\": could not find dataconnect.yaml in `c:\\Metysara-proud\\dataconnect`\n"}}
[debug] [2026-04-21T18:39:38.354Z] E0421 20:39:38.354498   11408 watch.go:40] Failed to load config from "c:\\Metysara-proud\\dataconnect": could not find dataconnect.yaml in `c:\Metysara-proud\dataconnect`
 {"metadata":{"emulator":{"name":"dataconnect"},"message":"E0421 20:39:38.354498   11408 watch.go:40] Failed to load config from \"c:\\\\Metysara-proud\\\\dataconnect\": could not find dataconnect.yaml in `c:\\Metysara-proud\\dataconnect`\n"}}
[debug] [2026-04-21T18:39:48.353Z] E0421 20:39:48.353475   11408 watch.go:40] Failed to load config from "c:\\Metysara-proud\\dataconnect": could not find dataconnect.yaml in `c:\Metysara-proud\dataconnect`
 {"metadata":{"emulator":{"name":"dataconnect"},"message":"E0421 20:39:48.353475   11408 watch.go:40] Failed to load config from \"c:\\\\Metysara-proud\\\\dataconnect\": could not find dataconnect.yaml in `c:\\Metysara-proud\\dataconnect`\n"}}
[debug] [2026-04-21T18:39:58.354Z] E0421 20:39:58.354054   11408 watch.go:40] Failed to load config from "c:\\Metysara-proud\\dataconnect": could not find dataconnect.yaml in `c:\Metysara-proud\dataconnect`
 {"metadata":{"emulator":{"name":"dataconnect"},"message":"E0421 20:39:58.354054   11408 watch.go:40] Failed to load config from \"c:\\\\Metysara-proud\\\\dataconnect\": could not find dataconnect.yaml in `c:\\Metysara-proud\\dataconnect`\n"}}
[debug] [2026-04-21T18:40:08.354Z] E0421 20:40:08.353508   11408 watch.go:40] Failed to load config from "c:\\Metysara-proud\\dataconnect": could not find dataconnect.yaml in `c:\Metysara-proud\dataconnect`
 {"metadata":{"emulator":{"name":"dataconnect"},"message":"E0421 20:40:08.353508   11408 watch.go:40] Failed to load config from \"c:\\\\Metysara-proud\\\\dataconnect\": could not find dataconnect.yaml in `c:\\Metysara-proud\\dataconnect`\n"}}
[debug] [2026-04-21T18:40:08.356Z] E0421 20:40:08.353508   11408 watch.go:116] watchAllDir unable to walk dir `c:\Metysara-proud\dataconnect`: GetFileAttributesEx c:\Metysara-proud\dataconnect: The system cannot find the file specified.
 {"metadata":{"emulator":{"name":"dataconnect"},"message":"E0421 20:40:08.353508   11408 watch.go:116] watchAllDir unable to walk dir `c:\\Metysara-proud\\dataconnect`: GetFileAttributesEx c:\\Metysara-proud\\dataconnect: The system cannot find the file specified.\n"}}
[debug] [2026-04-21T18:40:18.354Z] E0421 20:40:18.353576   11408 watch.go:40] Failed to load config from "c:\\Metysara-proud\\dataconnect": could not find dataconnect.yaml in `c:\Metysara-proud\dataconnect`
 {"metadata":{"emulator":{"name":"dataconnect"},"message":"E0421 20:40:18.353576   11408 watch.go:40] Failed to load config from \"c:\\\\Metysara-proud\\\\dataconnect\": could not find dataconnect.yaml in `c:\\Metysara-proud\\dataconnect`\n"}}
[debug] [2026-04-21T18:40:28.354Z] E0421 20:40:28.353782   11408 watch.go:40] Failed to load config from "c:\\Metysara-proud\\dataconnect": could not find dataconnect.yaml in `c:\Metysara-proud\dataconnect`
 {"metadata":{"emulator":{"name":"dataconnect"},"message":"E0421 20:40:28.353782   11408 watch.go:40] Failed to load config from \"c:\\\\Metysara-proud\\\\dataconnect\": could not find dataconnect.yaml in `c:\\Metysara-proud\\dataconnect`\n"}}
[debug] [2026-04-21T18:40:38.354Z] E0421 20:40:38.353728   11408 watch.go:40] Failed to load config from "c:\\Metysara-proud\\dataconnect": could not find dataconnect.yaml in `c:\Metysara-proud\dataconnect`
 {"metadata":{"emulator":{"name":"dataconnect"},"message":"E0421 20:40:38.353728   11408 watch.go:40] Failed to load config from \"c:\\\\Metysara-proud\\\\dataconnect\": could not find dataconnect.yaml in `c:\\Metysara-proud\\dataconnect`\n"}}
[debug] [2026-04-21T18:40:48.354Z] E0421 20:40:48.353939   11408 watch.go:40] Failed to load config from "c:\\Metysara-proud\\dataconnect": could not find dataconnect.yaml in `c:\Metysara-proud\dataconnect`
 {"metadata":{"emulator":{"name":"dataconnect"},"message":"E0421 20:40:48.353939   11408 watch.go:40] Failed to load config from \"c:\\\\Metysara-proud\\\\dataconnect\": could not find dataconnect.yaml in `c:\\Metysara-proud\\dataconnect`\n"}}
[debug] [2026-04-21T18:40:58.353Z] E0421 20:40:58.353710   11408 watch.go:40] Failed to load config from "c:\\Metysara-proud\\dataconnect": could not find dataconnect.yaml in `c:\Metysara-proud\dataconnect`
 {"metadata":{"emulator":{"name":"dataconnect"},"message":"E0421 20:40:58.353710   11408 watch.go:40] Failed to load config from \"c:\\\\Metysara-proud\\\\dataconnect\": could not find dataconnect.yaml in `c:\\Metysara-proud\\dataconnect`\n"}}
[debug] [2026-04-21T18:41:08.353Z] E0421 20:41:08.353849   11408 watch.go:116] watchAllDir unable to walk dir `c:\Metysara-proud\dataconnect`: GetFileAttributesEx c:\Metysara-proud\dataconnect: The system cannot find the file specified.
E0421 20:41:08.353849   11408 watch.go:40] Failed to load config from "c:\\Metysara-proud\\dataconnect": could not find dataconnect.yaml in `c:\Metysara-proud\dataconnect`
 {"metadata":{"emulator":{"name":"dataconnect"},"message":"E0421 20:41:08.353849   11408 watch.go:116] watchAllDir unable to walk dir `c:\\Metysara-proud\\dataconnect`: GetFileAttributesEx c:\\Metysara-proud\\dataconnect: The system cannot find the file specified.\nE0421 20:41:08.353849   11408 watch.go:40] Failed to load config from \"c:\\\\Metysara-proud\\\\dataconnect\": could not find dataconnect.yaml in `c:\\Metysara-proud\\dataconnect`\n"}}
[debug] [2026-04-21T18:41:18.353Z] E0421 20:41:18.353568   11408 watch.go:40] Failed to load config from "c:\\Metysara-proud\\dataconnect": could not find dataconnect.yaml in `c:\Metysara-proud\dataconnect`
 {"metadata":{"emulator":{"name":"dataconnect"},"message":"E0421 20:41:18.353568   11408 watch.go:40] Failed to load config from \"c:\\\\Metysara-proud\\\\dataconnect\": could not find dataconnect.yaml in `c:\\Metysara-proud\\dataconnect`\n"}}
[debug] [2026-04-21T18:41:28.353Z] E0421 20:41:28.353410   11408 watch.go:40] Failed to load config from "c:\\Metysara-proud\\dataconnect": could not find dataconnect.yaml in `c:\Metysara-proud\dataconnect`
 {"metadata":{"emulator":{"name":"dataconnect"},"message":"E0421 20:41:28.353410   11408 watch.go:40] Failed to load config from \"c:\\\\Metysara-proud\\\\dataconnect\": could not find dataconnect.yaml in `c:\\Metysara-proud\\dataconnect`\n"}}
[debug] [2026-04-21T18:41:38.353Z] E0421 20:41:38.353652   11408 watch.go:40] Failed to load config from "c:\\Metysara-proud\\dataconnect": could not find dataconnect.yaml in `c:\Metysara-proud\dataconnect`
 {"metadata":{"emulator":{"name":"dataconnect"},"message":"E0421 20:41:38.353652   11408 watch.go:40] Failed to load config from \"c:\\\\Metysara-proud\\\\dataconnect\": could not find dataconnect.yaml in `c:\\Metysara-proud\\dataconnect`\n"}}
[debug] [2026-04-21T18:41:48.353Z] E0421 20:41:48.353702   11408 watch.go:40] Failed to load config from "c:\\Metysara-proud\\dataconnect": could not find dataconnect.yaml in `c:\Metysara-proud\dataconnect`
 {"metadata":{"emulator":{"name":"dataconnect"},"message":"E0421 20:41:48.353702   11408 watch.go:40] Failed to load config from \"c:\\\\Metysara-proud\\\\dataconnect\": could not find dataconnect.yaml in `c:\\Metysara-proud\\dataconnect`\n"}}
[debug] [2026-04-21T18:41:58.353Z] E0421 20:41:58.353527   11408 watch.go:40] Failed to load config from "c:\\Metysara-proud\\dataconnect": could not find dataconnect.yaml in `c:\Metysara-proud\dataconnect`
 {"metadata":{"emulator":{"name":"dataconnect"},"message":"E0421 20:41:58.353527   11408 watch.go:40] Failed to load config from \"c:\\\\Metysara-proud\\\\dataconnect\": could not find dataconnect.yaml in `c:\\Metysara-proud\\dataconnect`\n"}}
[debug] [2026-04-21T18:42:08.353Z] E0421 20:42:08.353380   11408 watch.go:116] watchAllDir unable to walk dir `c:\Metysara-proud\dataconnect`: GetFileAttributesEx c:\Metysara-proud\dataconnect: The system cannot find the file specified.
E0421 20:42:08.353380   11408 watch.go:40] Failed to load config from "c:\\Metysara-proud\\dataconnect": could not find dataconnect.yaml in `c:\Metysara-proud\dataconnect`
 {"metadata":{"emulator":{"name":"dataconnect"},"message":"E0421 20:42:08.353380   11408 watch.go:116] watchAllDir unable to walk dir `c:\\Metysara-proud\\dataconnect`: GetFileAttributesEx c:\\Metysara-proud\\dataconnect: The system cannot find the file specified.\nE0421 20:42:08.353380   11408 watch.go:40] Failed to load config from \"c:\\\\Metysara-proud\\\\dataconnect\": could not find dataconnect.yaml in `c:\\Metysara-proud\\dataconnect`\n"}}
[debug] [2026-04-21T18:42:18.354Z] E0421 20:42:18.353627   11408 watch.go:40] Failed to load config from "c:\\Metysara-proud\\dataconnect": could not find dataconnect.yaml in `c:\Metysara-proud\dataconnect`
 {"metadata":{"emulator":{"name":"dataconnect"},"message":"E0421 20:42:18.353627   11408 watch.go:40] Failed to load config from \"c:\\\\Metysara-proud\\\\dataconnect\": could not find dataconnect.yaml in `c:\\Metysara-proud\\dataconnect`\n"}}
[debug] [2026-04-21T18:42:28.354Z] E0421 20:42:28.354782   11408 watch.go:40] Failed to load config from "c:\\Metysara-proud\\dataconnect": could not find dataconnect.yaml in `c:\Metysara-proud\dataconnect`
 {"metadata":{"emulator":{"name":"dataconnect"},"message":"E0421 20:42:28.354782   11408 watch.go:40] Failed to load config from \"c:\\\\Metysara-proud\\\\dataconnect\": could not find dataconnect.yaml in `c:\\Metysara-proud\\dataconnect`\n"}}
[debug] [2026-04-21T18:42:38.353Z] E0421 20:42:38.353496   11408 watch.go:40] Failed to load config from "c:\\Metysara-proud\\dataconnect": could not find dataconnect.yaml in `c:\Metysara-proud\dataconnect`
 {"metadata":{"emulator":{"name":"dataconnect"},"message":"E0421 20:42:38.353496   11408 watch.go:40] Failed to load config from \"c:\\\\Metysara-proud\\\\dataconnect\": could not find dataconnect.yaml in `c:\\Metysara-proud\\dataconnect`\n"}}
[debug] [2026-04-21T18:42:48.353Z] E0421 20:42:48.353550   11408 watch.go:40] Failed to load config from "c:\\Metysara-proud\\dataconnect": could not find dataconnect.yaml in `c:\Metysara-proud\dataconnect`
 {"metadata":{"emulator":{"name":"dataconnect"},"message":"E0421 20:42:48.353550   11408 watch.go:40] Failed to load config from \"c:\\\\Metysara-proud\\\\dataconnect\": could not find dataconnect.yaml in `c:\\Metysara-proud\\dataconnect`\n"}}
[debug] [2026-04-21T18:42:58.353Z] E0421 20:42:58.353961   11408 watch.go:40] Failed to load config from "c:\\Metysara-proud\\dataconnect": could not find dataconnect.yaml in `c:\Metysara-proud\dataconnect`
 {"metadata":{"emulator":{"name":"dataconnect"},"message":"E0421 20:42:58.353961   11408 watch.go:40] Failed to load config from \"c:\\\\Metysara-proud\\\\dataconnect\": could not find dataconnect.yaml in `c:\\Metysara-proud\\dataconnect`\n"}}
[debug] [2026-04-21T18:43:08.353Z] E0421 20:43:08.353513   11408 watch.go:116] watchAllDir unable to walk dir `c:\Metysara-proud\dataconnect`: GetFileAttributesEx c:\Metysara-proud\dataconnect: The system cannot find the file specified.
E0421 20:43:08.353513   11408 watch.go:40] Failed to load config from "c:\\Metysara-proud\\dataconnect": could not find dataconnect.yaml in `c:\Metysara-proud\dataconnect`
 {"metadata":{"emulator":{"name":"dataconnect"},"message":"E0421 20:43:08.353513   11408 watch.go:116] watchAllDir unable to walk dir `c:\\Metysara-proud\\dataconnect`: GetFileAttributesEx c:\\Metysara-proud\\dataconnect: The system cannot find the file specified.\nE0421 20:43:08.353513   11408 watch.go:40] Failed to load config from \"c:\\\\Metysara-proud\\\\dataconnect\": could not find dataconnect.yaml in `c:\\Metysara-proud\\dataconnect`\n"}}
[debug] [2026-04-21T18:43:18.353Z] E0421 20:43:18.353859   11408 watch.go:40] Failed to load config from "c:\\Metysara-proud\\dataconnect": could not find dataconnect.yaml in `c:\Metysara-proud\dataconnect`
 {"metadata":{"emulator":{"name":"dataconnect"},"message":"E0421 20:43:18.353859   11408 watch.go:40] Failed to load config from \"c:\\\\Metysara-proud\\\\dataconnect\": could not find dataconnect.yaml in `c:\\Metysara-proud\\dataconnect`\n"}}
[debug] [2026-04-21T18:43:28.353Z] E0421 20:43:28.353752   11408 watch.go:40] Failed to load config from "c:\\Metysara-proud\\dataconnect": could not find dataconnect.yaml in `c:\Metysara-proud\dataconnect`
 {"metadata":{"emulator":{"name":"dataconnect"},"message":"E0421 20:43:28.353752   11408 watch.go:40] Failed to load config from \"c:\\\\Metysara-proud\\\\dataconnect\": could not find dataconnect.yaml in `c:\\Metysara-proud\\dataconnect`\n"}}
[debug] [2026-04-21T18:43:38.353Z] E0421 20:43:38.353493   11408 watch.go:40] Failed to load config from "c:\\Metysara-proud\\dataconnect": could not find dataconnect.yaml in `c:\Metysara-proud\dataconnect`
 {"metadata":{"emulator":{"name":"dataconnect"},"message":"E0421 20:43:38.353493   11408 watch.go:40] Failed to load config from \"c:\\\\Metysara-proud\\\\dataconnect\": could not find dataconnect.yaml in `c:\\Metysara-proud\\dataconnect`\n"}}
[debug] [2026-04-21T18:43:48.353Z] E0421 20:43:48.353779   11408 watch.go:40] Failed to load config from "c:\\Metysara-proud\\dataconnect": could not find dataconnect.yaml in `c:\Metysara-proud\dataconnect`
 {"metadata":{"emulator":{"name":"dataconnect"},"message":"E0421 20:43:48.353779   11408 watch.go:40] Failed to load config from \"c:\\\\Metysara-proud\\\\dataconnect\": could not find dataconnect.yaml in `c:\\Metysara-proud\\dataconnect`\n"}}
[debug] [2026-04-21T18:43:58.354Z] E0421 20:43:58.353539   11408 watch.go:40] Failed to load config from "c:\\Metysara-proud\\dataconnect": could not find dataconnect.yaml in `c:\Metysara-proud\dataconnect`
 {"metadata":{"emulator":{"name":"dataconnect"},"message":"E0421 20:43:58.353539   11408 watch.go:40] Failed to load config from \"c:\\\\Metysara-proud\\\\dataconnect\": could not find dataconnect.yaml in `c:\\Metysara-proud\\dataconnect`\n"}}
[debug] [2026-04-21T18:44:08.353Z] E0421 20:44:08.353615   11408 watch.go:40] Failed to load config from "c:\\Metysara-proud\\dataconnect": could not find dataconnect.yaml in `c:\Metysara-proud\dataconnect`
E0421 20:44:08.353615   11408 watch.go:116] watchAllDir unable to walk dir `c:\Metysara-proud\dataconnect`: GetFileAttributesEx c:\Metysara-proud\dataconnect: The system cannot find the file specified.
 {"metadata":{"emulator":{"name":"dataconnect"},"message":"E0421 20:44:08.353615   11408 watch.go:40] Failed to load config from \"c:\\\\Metysara-proud\\\\dataconnect\": could not find dataconnect.yaml in `c:\\Metysara-proud\\dataconnect`\nE0421 20:44:08.353615   11408 watch.go:116] watchAllDir unable to walk dir `c:\\Metysara-proud\\dataconnect`: GetFileAttributesEx c:\\Metysara-proud\\dataconnect: The system cannot find the file specified.\n"}}
[debug] [2026-04-21T18:44:18.353Z] E0421 20:44:18.353427   11408 watch.go:40] Failed to load config from "c:\\Metysara-proud\\dataconnect": could not find dataconnect.yaml in `c:\Metysara-proud\dataconnect`
 {"metadata":{"emulator":{"name":"dataconnect"},"message":"E0421 20:44:18.353427   11408 watch.go:40] Failed to load config from \"c:\\\\Metysara-proud\\\\dataconnect\": could not find dataconnect.yaml in `c:\\Metysara-proud\\dataconnect`\n"}}
[debug] [2026-04-21T18:44:28.354Z] E0421 20:44:28.353707   11408 watch.go:40] Failed to load config from "c:\\Metysara-proud\\dataconnect": could not find dataconnect.yaml in `c:\Metysara-proud\dataconnect`
 {"metadata":{"emulator":{"name":"dataconnect"},"message":"E0421 20:44:28.353707   11408 watch.go:40] Failed to load config from \"c:\\\\Metysara-proud\\\\dataconnect\": could not find dataconnect.yaml in `c:\\Metysara-proud\\dataconnect`\n"}}
[debug] [2026-04-21T18:44:38.353Z] E0421 20:44:38.353612   11408 watch.go:40] Failed to load config from "c:\\Metysara-proud\\dataconnect": could not find dataconnect.yaml in `c:\Metysara-proud\dataconnect`
 {"metadata":{"emulator":{"name":"dataconnect"},"message":"E0421 20:44:38.353612   11408 watch.go:40] Failed to load config from \"c:\\\\Metysara-proud\\\\dataconnect\": could not find dataconnect.yaml in `c:\\Metysara-proud\\dataconnect`\n"}}
[debug] [2026-04-21T18:44:48.353Z] E0421 20:44:48.353755   11408 watch.go:40] Failed to load config from "c:\\Metysara-proud\\dataconnect": could not find dataconnect.yaml in `c:\Metysara-proud\dataconnect`
 {"metadata":{"emulator":{"name":"dataconnect"},"message":"E0421 20:44:48.353755   11408 watch.go:40] Failed to load config from \"c:\\\\Metysara-proud\\\\dataconnect\": could not find dataconnect.yaml in `c:\\Metysara-proud\\dataconnect`\n"}}
[debug] [2026-04-21T18:44:58.353Z] E0421 20:44:58.353652   11408 watch.go:40] Failed to load config from "c:\\Metysara-proud\\dataconnect": could not find dataconnect.yaml in `c:\Metysara-proud\dataconnect`
 {"metadata":{"emulator":{"name":"dataconnect"},"message":"E0421 20:44:58.353652   11408 watch.go:40] Failed to load config from \"c:\\\\Metysara-proud\\\\dataconnect\": could not find dataconnect.yaml in `c:\\Metysara-proud\\dataconnect`\n"}}
[debug] [2026-04-21T18:45:08.353Z] E0421 20:45:08.353385   11408 watch.go:40] Failed to load config from "c:\\Metysara-proud\\dataconnect": could not find dataconnect.yaml in `c:\Metysara-proud\dataconnect`
 {"metadata":{"emulator":{"name":"dataconnect"},"message":"E0421 20:45:08.353385   11408 watch.go:40] Failed to load config from \"c:\\\\Metysara-proud\\\\dataconnect\": could not find dataconnect.yaml in `c:\\Metysara-proud\\dataconnect`\n"}}
[debug] [2026-04-21T18:45:08.355Z] E0421 20:45:08.353385   11408 watch.go:116] watchAllDir unable to walk dir `c:\Metysara-proud\dataconnect`: GetFileAttributesEx c:\Metysara-proud\dataconnect: The system cannot find the file specified.
 {"metadata":{"emulator":{"name":"dataconnect"},"message":"E0421 20:45:08.353385   11408 watch.go:116] watchAllDir unable to walk dir `c:\\Metysara-proud\\dataconnect`: GetFileAttributesEx c:\\Metysara-proud\\dataconnect: The system cannot find the file specified.\n"}}
[debug] [2026-04-21T18:45:18.353Z] E0421 20:45:18.353915   11408 watch.go:40] Failed to load config from "c:\\Metysara-proud\\dataconnect": could not find dataconnect.yaml in `c:\Metysara-proud\dataconnect`
 {"metadata":{"emulator":{"name":"dataconnect"},"message":"E0421 20:45:18.353915   11408 watch.go:40] Failed to load config from \"c:\\\\Metysara-proud\\\\dataconnect\": could not find dataconnect.yaml in `c:\\Metysara-proud\\dataconnect`\n"}}
[debug] [2026-04-21T18:45:28.353Z] E0421 20:45:28.353413   11408 watch.go:40] Failed to load config from "c:\\Metysara-proud\\dataconnect": could not find dataconnect.yaml in `c:\Metysara-proud\dataconnect`
 {"metadata":{"emulator":{"name":"dataconnect"},"message":"E0421 20:45:28.353413   11408 watch.go:40] Failed to load config from \"c:\\\\Metysara-proud\\\\dataconnect\": could not find dataconnect.yaml in `c:\\Metysara-proud\\dataconnect`\n"}}
[debug] [2026-04-21T18:45:38.353Z] E0421 20:45:38.353857   11408 watch.go:40] Failed to load config from "c:\\Metysara-proud\\dataconnect": could not find dataconnect.yaml in `c:\Metysara-proud\dataconnect`
 {"metadata":{"emulator":{"name":"dataconnect"},"message":"E0421 20:45:38.353857   11408 watch.go:40] Failed to load config from \"c:\\\\Metysara-proud\\\\dataconnect\": could not find dataconnect.yaml in `c:\\Metysara-proud\\dataconnect`\n"}}
[debug] [2026-04-21T18:45:48.353Z] E0421 20:45:48.353617   11408 watch.go:40] Failed to load config from "c:\\Metysara-proud\\dataconnect": could not find dataconnect.yaml in `c:\Metysara-proud\dataconnect`
 {"metadata":{"emulator":{"name":"dataconnect"},"message":"E0421 20:45:48.353617   11408 watch.go:40] Failed to load config from \"c:\\\\Metysara-proud\\\\dataconnect\": could not find dataconnect.yaml in `c:\\Metysara-proud\\dataconnect`\n"}}
[debug] [2026-04-21T18:45:58.353Z] E0421 20:45:58.353417   11408 watch.go:40] Failed to load config from "c:\\Metysara-proud\\dataconnect": could not find dataconnect.yaml in `c:\Metysara-proud\dataconnect`
 {"metadata":{"emulator":{"name":"dataconnect"},"message":"E0421 20:45:58.353417   11408 watch.go:40] Failed to load config from \"c:\\\\Metysara-proud\\\\dataconnect\": could not find dataconnect.yaml in `c:\\Metysara-proud\\dataconnect`\n"}}
[debug] [2026-04-21T18:46:08.353Z] E0421 20:46:08.353534   11408 watch.go:116] watchAllDir unable to walk dir `c:\Metysara-proud\dataconnect`: GetFileAttributesEx c:\Metysara-proud\dataconnect: The system cannot find the file specified.
E0421 20:46:08.353534   11408 watch.go:40] Failed to load config from "c:\\Metysara-proud\\dataconnect": could not find dataconnect.yaml in `c:\Metysara-proud\dataconnect`
 {"metadata":{"emulator":{"name":"dataconnect"},"message":"E0421 20:46:08.353534   11408 watch.go:116] watchAllDir unable to walk dir `c:\\Metysara-proud\\dataconnect`: GetFileAttributesEx c:\\Metysara-proud\\dataconnect: The system cannot find the file specified.\nE0421 20:46:08.353534   11408 watch.go:40] Failed to load config from \"c:\\\\Metysara-proud\\\\dataconnect\": could not find dataconnect.yaml in `c:\\Metysara-proud\\dataconnect`\n"}}
[debug] [2026-04-21T18:46:18.353Z] E0421 20:46:18.353795   11408 watch.go:40] Failed to load config from "c:\\Metysara-proud\\dataconnect": could not find dataconnect.yaml in `c:\Metysara-proud\dataconnect`
 {"metadata":{"emulator":{"name":"dataconnect"},"message":"E0421 20:46:18.353795   11408 watch.go:40] Failed to load config from \"c:\\\\Metysara-proud\\\\dataconnect\": could not find dataconnect.yaml in `c:\\Metysara-proud\\dataconnect`\n"}}
[debug] [2026-04-21T18:46:28.353Z] E0421 20:46:28.353815   11408 watch.go:40] Failed to load config from "c:\\Metysara-proud\\dataconnect": could not find dataconnect.yaml in `c:\Metysara-proud\dataconnect`
 {"metadata":{"emulator":{"name":"dataconnect"},"message":"E0421 20:46:28.353815   11408 watch.go:40] Failed to load config from \"c:\\\\Metysara-proud\\\\dataconnect\": could not find dataconnect.yaml in `c:\\Metysara-proud\\dataconnect`\n"}}
[debug] [2026-04-21T18:46:38.353Z] E0421 20:46:38.353577   11408 watch.go:40] Failed to load config from "c:\\Metysara-proud\\dataconnect": could not find dataconnect.yaml in `c:\Metysara-proud\dataconnect`
 {"metadata":{"emulator":{"name":"dataconnect"},"message":"E0421 20:46:38.353577   11408 watch.go:40] Failed to load config from \"c:\\\\Metysara-proud\\\\dataconnect\": could not find dataconnect.yaml in `c:\\Metysara-proud\\dataconnect`\n"}}
[debug] [2026-04-21T18:46:48.353Z] E0421 20:46:48.353712   11408 watch.go:40] Failed to load config from "c:\\Metysara-proud\\dataconnect": could not find dataconnect.yaml in `c:\Metysara-proud\dataconnect`
 {"metadata":{"emulator":{"name":"dataconnect"},"message":"E0421 20:46:48.353712   11408 watch.go:40] Failed to load config from \"c:\\\\Metysara-proud\\\\dataconnect\": could not find dataconnect.yaml in `c:\\Metysara-proud\\dataconnect`\n"}}
[debug] [2026-04-21T18:46:58.354Z] E0421 20:46:58.353818   11408 watch.go:40] Failed to load config from "c:\\Metysara-proud\\dataconnect": could not find dataconnect.yaml in `c:\Metysara-proud\dataconnect`
 {"metadata":{"emulator":{"name":"dataconnect"},"message":"E0421 20:46:58.353818   11408 watch.go:40] Failed to load config from \"c:\\\\Metysara-proud\\\\dataconnect\": could not find dataconnect.yaml in `c:\\Metysara-proud\\dataconnect`\n"}}
[debug] [2026-04-21T18:47:08.353Z] E0421 20:47:08.353514   11408 watch.go:40] Failed to load config from "c:\\Metysara-proud\\dataconnect": could not find dataconnect.yaml in `c:\Metysara-proud\dataconnect`
E0421 20:47:08.353514   11408 watch.go:116] watchAllDir unable to walk dir `c:\Metysara-proud\dataconnect`: GetFileAttributesEx c:\Metysara-proud\dataconnect: The system cannot find the file specified.
 {"metadata":{"emulator":{"name":"dataconnect"},"message":"E0421 20:47:08.353514   11408 watch.go:40] Failed to load config from \"c:\\\\Metysara-proud\\\\dataconnect\": could not find dataconnect.yaml in `c:\\Metysara-proud\\dataconnect`\nE0421 20:47:08.353514   11408 watch.go:116] watchAllDir unable to walk dir `c:\\Metysara-proud\\dataconnect`: GetFileAttributesEx c:\\Metysara-proud\\dataconnect: The system cannot find the file specified.\n"}}
[debug] [2026-04-21T18:47:18.353Z] E0421 20:47:18.353634   11408 watch.go:40] Failed to load config from "c:\\Metysara-proud\\dataconnect": could not find dataconnect.yaml in `c:\Metysara-proud\dataconnect`
 {"metadata":{"emulator":{"name":"dataconnect"},"message":"E0421 20:47:18.353634   11408 watch.go:40] Failed to load config from \"c:\\\\Metysara-proud\\\\dataconnect\": could not find dataconnect.yaml in `c:\\Metysara-proud\\dataconnect`\n"}}
[debug] [2026-04-21T18:47:28.353Z] E0421 20:47:28.353674   11408 watch.go:40] Failed to load config from "c:\\Metysara-proud\\dataconnect": could not find dataconnect.yaml in `c:\Metysara-proud\dataconnect`
 {"metadata":{"emulator":{"name":"dataconnect"},"message":"E0421 20:47:28.353674   11408 watch.go:40] Failed to load config from \"c:\\\\Metysara-proud\\\\dataconnect\": could not find dataconnect.yaml in `c:\\Metysara-proud\\dataconnect`\n"}}
[debug] [2026-04-21T18:47:38.353Z] E0421 20:47:38.353789   11408 watch.go:40] Failed to load config from "c:\\Metysara-proud\\dataconnect": could not find dataconnect.yaml in `c:\Metysara-proud\dataconnect`
 {"metadata":{"emulator":{"name":"dataconnect"},"message":"E0421 20:47:38.353789   11408 watch.go:40] Failed to load config from \"c:\\\\Metysara-proud\\\\dataconnect\": could not find dataconnect.yaml in `c:\\Metysara-proud\\dataconnect`\n"}}
[debug] [2026-04-21T18:47:48.353Z] E0421 20:47:48.353536   11408 watch.go:40] Failed to load config from "c:\\Metysara-proud\\dataconnect": could not find dataconnect.yaml in `c:\Metysara-proud\dataconnect`
 {"metadata":{"emulator":{"name":"dataconnect"},"message":"E0421 20:47:48.353536   11408 watch.go:40] Failed to load config from \"c:\\\\Metysara-proud\\\\dataconnect\": could not find dataconnect.yaml in `c:\\Metysara-proud\\dataconnect`\n"}}
[debug] [2026-04-21T18:47:58.353Z] E0421 20:47:58.353459   11408 watch.go:40] Failed to load config from "c:\\Metysara-proud\\dataconnect": could not find dataconnect.yaml in `c:\Metysara-proud\dataconnect`
 {"metadata":{"emulator":{"name":"dataconnect"},"message":"E0421 20:47:58.353459   11408 watch.go:40] Failed to load config from \"c:\\\\Metysara-proud\\\\dataconnect\": could not find dataconnect.yaml in `c:\\Metysara-proud\\dataconnect`\n"}}
[debug] [2026-04-21T18:48:08.353Z] E0421 20:48:08.353557   11408 watch.go:116] watchAllDir unable to walk dir `c:\Metysara-proud\dataconnect`: GetFileAttributesEx c:\Metysara-proud\dataconnect: The system cannot find the file specified.
E0421 20:48:08.353557   11408 watch.go:40] Failed to load config from "c:\\Metysara-proud\\dataconnect": could not find dataconnect.yaml in `c:\Metysara-proud\dataconnect`
 {"metadata":{"emulator":{"name":"dataconnect"},"message":"E0421 20:48:08.353557   11408 watch.go:116] watchAllDir unable to walk dir `c:\\Metysara-proud\\dataconnect`: GetFileAttributesEx c:\\Metysara-proud\\dataconnect: The system cannot find the file specified.\nE0421 20:48:08.353557   11408 watch.go:40] Failed to load config from \"c:\\\\Metysara-proud\\\\dataconnect\": could not find dataconnect.yaml in `c:\\Metysara-proud\\dataconnect`\n"}}
[debug] [2026-04-21T18:48:18.353Z] E0421 20:48:18.353784   11408 watch.go:40] Failed to load config from "c:\\Metysara-proud\\dataconnect": could not find dataconnect.yaml in `c:\Metysara-proud\dataconnect`
 {"metadata":{"emulator":{"name":"dataconnect"},"message":"E0421 20:48:18.353784   11408 watch.go:40] Failed to load config from \"c:\\\\Metysara-proud\\\\dataconnect\": could not find dataconnect.yaml in `c:\\Metysara-proud\\dataconnect`\n"}}
[debug] [2026-04-21T18:48:28.353Z] E0421 20:48:28.353609   11408 watch.go:40] Failed to load config from "c:\\Metysara-proud\\dataconnect": could not find dataconnect.yaml in `c:\Metysara-proud\dataconnect`
 {"metadata":{"emulator":{"name":"dataconnect"},"message":"E0421 20:48:28.353609   11408 watch.go:40] Failed to load config from \"c:\\\\Metysara-proud\\\\dataconnect\": could not find dataconnect.yaml in `c:\\Metysara-proud\\dataconnect`\n"}}
[debug] [2026-04-21T18:48:38.355Z] E0421 20:48:38.355329   11408 watch.go:40] Failed to load config from "c:\\Metysara-proud\\dataconnect": could not find dataconnect.yaml in `c:\Metysara-proud\dataconnect`
 {"metadata":{"emulator":{"name":"dataconnect"},"message":"E0421 20:48:38.355329   11408 watch.go:40] Failed to load config from \"c:\\\\Metysara-proud\\\\dataconnect\": could not find dataconnect.yaml in `c:\\Metysara-proud\\dataconnect`\n"}}
[debug] [2026-04-21T18:48:48.354Z] E0421 20:48:48.353723   11408 watch.go:40] Failed to load config from "c:\\Metysara-proud\\dataconnect": could not find dataconnect.yaml in `c:\Metysara-proud\dataconnect`
 {"metadata":{"emulator":{"name":"dataconnect"},"message":"E0421 20:48:48.353723   11408 watch.go:40] Failed to load config from \"c:\\\\Metysara-proud\\\\dataconnect\": could not find dataconnect.yaml in `c:\\Metysara-proud\\dataconnect`\n"}}
[debug] [2026-04-21T18:48:58.353Z] E0421 20:48:58.353830   11408 watch.go:40] Failed to load config from "c:\\Metysara-proud\\dataconnect": could not find dataconnect.yaml in `c:\Metysara-proud\dataconnect`
 {"metadata":{"emulator":{"name":"dataconnect"},"message":"E0421 20:48:58.353830   11408 watch.go:40] Failed to load config from \"c:\\\\Metysara-proud\\\\dataconnect\": could not find dataconnect.yaml in `c:\\Metysara-proud\\dataconnect`\n"}}
[debug] [2026-04-21T18:49:08.353Z] E0421 20:49:08.353616   11408 watch.go:116] watchAllDir unable to walk dir `c:\Metysara-proud\dataconnect`: GetFileAttributesEx c:\Metysara-proud\dataconnect: The system cannot find the file specified.
E0421 20:49:08.353616   11408 watch.go:40] Failed to load config from "c:\\Metysara-proud\\dataconnect": could not find dataconnect.yaml in `c:\Metysara-proud\dataconnect`
 {"metadata":{"emulator":{"name":"dataconnect"},"message":"E0421 20:49:08.353616   11408 watch.go:116] watchAllDir unable to walk dir `c:\\Metysara-proud\\dataconnect`: GetFileAttributesEx c:\\Metysara-proud\\dataconnect: The system cannot find the file specified.\nE0421 20:49:08.353616   11408 watch.go:40] Failed to load config from \"c:\\\\Metysara-proud\\\\dataconnect\": could not find dataconnect.yaml in `c:\\Metysara-proud\\dataconnect`\n"}}
[debug] [2026-04-21T18:49:18.354Z] E0421 20:49:18.353823   11408 watch.go:40] Failed to load config from "c:\\Metysara-proud\\dataconnect": could not find dataconnect.yaml in `c:\Metysara-proud\dataconnect`
 {"metadata":{"emulator":{"name":"dataconnect"},"message":"E0421 20:49:18.353823   11408 watch.go:40] Failed to load config from \"c:\\\\Metysara-proud\\\\dataconnect\": could not find dataconnect.yaml in `c:\\Metysara-proud\\dataconnect`\n"}}
[debug] [2026-04-21T18:49:28.354Z] E0421 20:49:28.354422   11408 watch.go:40] Failed to load config from "c:\\Metysara-proud\\dataconnect": could not find dataconnect.yaml in `c:\Metysara-proud\dataconnect`
 {"metadata":{"emulator":{"name":"dataconnect"},"message":"E0421 20:49:28.354422   11408 watch.go:40] Failed to load config from \"c:\\\\Metysara-proud\\\\dataconnect\": could not find dataconnect.yaml in `c:\\Metysara-proud\\dataconnect`\n"}}
[debug] [2026-04-21T18:49:38.353Z] E0421 20:49:38.353626   11408 watch.go:40] Failed to load config from "c:\\Metysara-proud\\dataconnect": could not find dataconnect.yaml in `c:\Metysara-proud\dataconnect`
 {"metadata":{"emulator":{"name":"dataconnect"},"message":"E0421 20:49:38.353626   11408 watch.go:40] Failed to load config from \"c:\\\\Metysara-proud\\\\dataconnect\": could not find dataconnect.yaml in `c:\\Metysara-proud\\dataconnect`\n"}}
[debug] [2026-04-21T18:49:48.353Z] E0421 20:49:48.353871   11408 watch.go:40] Failed to load config from "c:\\Metysara-proud\\dataconnect": could not find dataconnect.yaml in `c:\Metysara-proud\dataconnect`
 {"metadata":{"emulator":{"name":"dataconnect"},"message":"E0421 20:49:48.353871   11408 watch.go:40] Failed to load config from \"c:\\\\Metysara-proud\\\\dataconnect\": could not find dataconnect.yaml in `c:\\Metysara-proud\\dataconnect`\n"}}
[debug] [2026-04-21T18:49:58.354Z] E0421 20:49:58.354065   11408 watch.go:40] Failed to load config from "c:\\Metysara-proud\\dataconnect": could not find dataconnect.yaml in `c:\Metysara-proud\dataconnect`
 {"metadata":{"emulator":{"name":"dataconnect"},"message":"E0421 20:49:58.354065   11408 watch.go:40] Failed to load config from \"c:\\\\Metysara-proud\\\\dataconnect\": could not find dataconnect.yaml in `c:\\Metysara-proud\\dataconnect`\n"}}
[debug] [2026-04-21T18:50:08.353Z] E0421 20:50:08.353502   11408 watch.go:116] watchAllDir unable to walk dir `c:\Metysara-proud\dataconnect`: GetFileAttributesEx c:\Metysara-proud\dataconnect: The system cannot find the file specified.
E0421 20:50:08.353502   11408 watch.go:40] Failed to load config from "c:\\Metysara-proud\\dataconnect": could not find dataconnect.yaml in `c:\Metysara-proud\dataconnect`
 {"metadata":{"emulator":{"name":"dataconnect"},"message":"E0421 20:50:08.353502   11408 watch.go:116] watchAllDir unable to walk dir `c:\\Metysara-proud\\dataconnect`: GetFileAttributesEx c:\\Metysara-proud\\dataconnect: The system cannot find the file specified.\nE0421 20:50:08.353502   11408 watch.go:40] Failed to load config from \"c:\\\\Metysara-proud\\\\dataconnect\": could not find dataconnect.yaml in `c:\\Metysara-proud\\dataconnect`\n"}}
[debug] [2026-04-21T18:50:18.353Z] E0421 20:50:18.353788   11408 watch.go:40] Failed to load config from "c:\\Metysara-proud\\dataconnect": could not find dataconnect.yaml in `c:\Metysara-proud\dataconnect`
 {"metadata":{"emulator":{"name":"dataconnect"},"message":"E0421 20:50:18.353788   11408 watch.go:40] Failed to load config from \"c:\\\\Metysara-proud\\\\dataconnect\": could not find dataconnect.yaml in `c:\\Metysara-proud\\dataconnect`\n"}}
[debug] [2026-04-21T18:50:28.353Z] E0421 20:50:28.353280   11408 watch.go:40] Failed to load config from "c:\\Metysara-proud\\dataconnect": could not find dataconnect.yaml in `c:\Metysara-proud\dataconnect`
 {"metadata":{"emulator":{"name":"dataconnect"},"message":"E0421 20:50:28.353280   11408 watch.go:40] Failed to load config from \"c:\\\\Metysara-proud\\\\dataconnect\": could not find dataconnect.yaml in `c:\\Metysara-proud\\dataconnect`\n"}}
[debug] [2026-04-21T18:50:38.353Z] E0421 20:50:38.353657   11408 watch.go:40] Failed to load config from "c:\\Metysara-proud\\dataconnect": could not find dataconnect.yaml in `c:\Metysara-proud\dataconnect`
 {"metadata":{"emulator":{"name":"dataconnect"},"message":"E0421 20:50:38.353657   11408 watch.go:40] Failed to load config from \"c:\\\\Metysara-proud\\\\dataconnect\": could not find dataconnect.yaml in `c:\\Metysara-proud\\dataconnect`\n"}}
[debug] [2026-04-21T18:50:48.353Z] E0421 20:50:48.353624   11408 watch.go:40] Failed to load config from "c:\\Metysara-proud\\dataconnect": could not find dataconnect.yaml in `c:\Metysara-proud\dataconnect`
 {"metadata":{"emulator":{"name":"dataconnect"},"message":"E0421 20:50:48.353624   11408 watch.go:40] Failed to load config from \"c:\\\\Metysara-proud\\\\dataconnect\": could not find dataconnect.yaml in `c:\\Metysara-proud\\dataconnect`\n"}}
[debug] [2026-04-21T18:50:58.353Z] E0421 20:50:58.353678   11408 watch.go:40] Failed to load config from "c:\\Metysara-proud\\dataconnect": could not find dataconnect.yaml in `c:\Metysara-proud\dataconnect`
 {"metadata":{"emulator":{"name":"dataconnect"},"message":"E0421 20:50:58.353678   11408 watch.go:40] Failed to load config from \"c:\\\\Metysara-proud\\\\dataconnect\": could not find dataconnect.yaml in `c:\\Metysara-proud\\dataconnect`\n"}}
[debug] [2026-04-21T18:51:08.353Z] E0421 20:51:08.353537   11408 watch.go:116] watchAllDir unable to walk dir `c:\Metysara-proud\dataconnect`: GetFileAttributesEx c:\Metysara-proud\dataconnect: The system cannot find the file specified.
E0421 20:51:08.353537   11408 watch.go:40] Failed to load config from "c:\\Metysara-proud\\dataconnect": could not find dataconnect.yaml in `c:\Metysara-proud\dataconnect`
 {"metadata":{"emulator":{"name":"dataconnect"},"message":"E0421 20:51:08.353537   11408 watch.go:116] watchAllDir unable to walk dir `c:\\Metysara-proud\\dataconnect`: GetFileAttributesEx c:\\Metysara-proud\\dataconnect: The system cannot find the file specified.\nE0421 20:51:08.353537   11408 watch.go:40] Failed to load config from \"c:\\\\Metysara-proud\\\\dataconnect\": could not find dataconnect.yaml in `c:\\Metysara-proud\\dataconnect`\n"}}
[debug] [2026-04-21T18:51:18.354Z] E0421 20:51:18.354087   11408 watch.go:40] Failed to load config from "c:\\Metysara-proud\\dataconnect": could not find dataconnect.yaml in `c:\Metysara-proud\dataconnect`
 {"metadata":{"emulator":{"name":"dataconnect"},"message":"E0421 20:51:18.354087   11408 watch.go:40] Failed to load config from \"c:\\\\Metysara-proud\\\\dataconnect\": could not find dataconnect.yaml in `c:\\Metysara-proud\\dataconnect`\n"}}
[debug] [2026-04-21T18:51:28.353Z] E0421 20:51:28.353726   11408 watch.go:40] Failed to load config from "c:\\Metysara-proud\\dataconnect": could not find dataconnect.yaml in `c:\Metysara-proud\dataconnect`
 {"metadata":{"emulator":{"name":"dataconnect"},"message":"E0421 20:51:28.353726   11408 watch.go:40] Failed to load config from \"c:\\\\Metysara-proud\\\\dataconnect\": could not find dataconnect.yaml in `c:\\Metysara-proud\\dataconnect`\n"}}
[debug] [2026-04-21T18:51:38.353Z] E0421 20:51:38.353397   11408 watch.go:40] Failed to load config from "c:\\Metysara-proud\\dataconnect": could not find dataconnect.yaml in `c:\Metysara-proud\dataconnect`
 {"metadata":{"emulator":{"name":"dataconnect"},"message":"E0421 20:51:38.353397   11408 watch.go:40] Failed to load config from \"c:\\\\Metysara-proud\\\\dataconnect\": could not find dataconnect.yaml in `c:\\Metysara-proud\\dataconnect`\n"}}
[debug] [2026-04-21T18:51:48.353Z] E0421 20:51:48.354007   11408 watch.go:40] Failed to load config from "c:\\Metysara-proud\\dataconnect": could not find dataconnect.yaml in `c:\Metysara-proud\dataconnect`
 {"metadata":{"emulator":{"name":"dataconnect"},"message":"E0421 20:51:48.354007   11408 watch.go:40] Failed to load config from \"c:\\\\Metysara-proud\\\\dataconnect\": could not find dataconnect.yaml in `c:\\Metysara-proud\\dataconnect`\n"}}
[debug] [2026-04-21T18:51:58.353Z] E0421 20:51:58.353605   11408 watch.go:40] Failed to load config from "c:\\Metysara-proud\\dataconnect": could not find dataconnect.yaml in `c:\Metysara-proud\dataconnect`
 {"metadata":{"emulator":{"name":"dataconnect"},"message":"E0421 20:51:58.353605   11408 watch.go:40] Failed to load config from \"c:\\\\Metysara-proud\\\\dataconnect\": could not find dataconnect.yaml in `c:\\Metysara-proud\\dataconnect`\n"}}
[debug] [2026-04-21T18:52:08.353Z] E0421 20:52:08.353306   11408 watch.go:116] watchAllDir unable to walk dir `c:\Metysara-proud\dataconnect`: GetFileAttributesEx c:\Metysara-proud\dataconnect: The system cannot find the file specified.
E0421 20:52:08.353306   11408 watch.go:40] Failed to load config from "c:\\Metysara-proud\\dataconnect": could not find dataconnect.yaml in `c:\Metysara-proud\dataconnect`
 {"metadata":{"emulator":{"name":"dataconnect"},"message":"E0421 20:52:08.353306   11408 watch.go:116] watchAllDir unable to walk dir `c:\\Metysara-proud\\dataconnect`: GetFileAttributesEx c:\\Metysara-proud\\dataconnect: The system cannot find the file specified.\nE0421 20:52:08.353306   11408 watch.go:40] Failed to load config from \"c:\\\\Metysara-proud\\\\dataconnect\": could not find dataconnect.yaml in `c:\\Metysara-proud\\dataconnect`\n"}}
[debug] [2026-04-21T18:52:18.353Z] E0421 20:52:18.353495   11408 watch.go:40] Failed to load config from "c:\\Metysara-proud\\dataconnect": could not find dataconnect.yaml in `c:\Metysara-proud\dataconnect`
 {"metadata":{"emulator":{"name":"dataconnect"},"message":"E0421 20:52:18.353495   11408 watch.go:40] Failed to load config from \"c:\\\\Metysara-proud\\\\dataconnect\": could not find dataconnect.yaml in `c:\\Metysara-proud\\dataconnect`\n"}}
[debug] [2026-04-21T18:52:28.353Z] E0421 20:52:28.353707   11408 watch.go:40] Failed to load config from "c:\\Metysara-proud\\dataconnect": could not find dataconnect.yaml in `c:\Metysara-proud\dataconnect`
 {"metadata":{"emulator":{"name":"dataconnect"},"message":"E0421 20:52:28.353707   11408 watch.go:40] Failed to load config from \"c:\\\\Metysara-proud\\\\dataconnect\": could not find dataconnect.yaml in `c:\\Metysara-proud\\dataconnect`\n"}}
[debug] [2026-04-21T18:52:38.353Z] E0421 20:52:38.353261   11408 watch.go:40] Failed to load config from "c:\\Metysara-proud\\dataconnect": could not find dataconnect.yaml in `c:\Metysara-proud\dataconnect`
 {"metadata":{"emulator":{"name":"dataconnect"},"message":"E0421 20:52:38.353261   11408 watch.go:40] Failed to load config from \"c:\\\\Metysara-proud\\\\dataconnect\": could not find dataconnect.yaml in `c:\\Metysara-proud\\dataconnect`\n"}}
[debug] [2026-04-21T18:52:48.354Z] E0421 20:52:48.354115   11408 watch.go:40] Failed to load config from "c:\\Metysara-proud\\dataconnect": could not find dataconnect.yaml in `c:\Metysara-proud\dataconnect`
 {"metadata":{"emulator":{"name":"dataconnect"},"message":"E0421 20:52:48.354115   11408 watch.go:40] Failed to load config from \"c:\\\\Metysara-proud\\\\dataconnect\": could not find dataconnect.yaml in `c:\\Metysara-proud\\dataconnect`\n"}}
[debug] [2026-04-21T18:52:58.356Z] E0421 20:52:58.354534   11408 watch.go:40] Failed to load config from "c:\\Metysara-proud\\dataconnect": could not find dataconnect.yaml in `c:\Metysara-proud\dataconnect`
 {"metadata":{"emulator":{"name":"dataconnect"},"message":"E0421 20:52:58.354534   11408 watch.go:40] Failed to load config from \"c:\\\\Metysara-proud\\\\dataconnect\": could not find dataconnect.yaml in `c:\\Metysara-proud\\dataconnect`\n"}}
[debug] [2026-04-21T18:53:08.353Z] E0421 20:53:08.353805   11408 watch.go:116] watchAllDir unable to walk dir `c:\Metysara-proud\dataconnect`: GetFileAttributesEx c:\Metysara-proud\dataconnect: The system cannot find the file specified.
E0421 20:53:08.353805   11408 watch.go:40] Failed to load config from "c:\\Metysara-proud\\dataconnect": could not find dataconnect.yaml in `c:\Metysara-proud\dataconnect`
 {"metadata":{"emulator":{"name":"dataconnect"},"message":"E0421 20:53:08.353805   11408 watch.go:116] watchAllDir unable to walk dir `c:\\Metysara-proud\\dataconnect`: GetFileAttributesEx c:\\Metysara-proud\\dataconnect: The system cannot find the file specified.\nE0421 20:53:08.353805   11408 watch.go:40] Failed to load config from \"c:\\\\Metysara-proud\\\\dataconnect\": could not find dataconnect.yaml in `c:\\Metysara-proud\\dataconnect`\n"}}
[debug] [2026-04-21T18:53:18.417Z] E0421 20:53:18.353748   11408 watch.go:40] Failed to load config from "c:\\Metysara-proud\\dataconnect": could not find dataconnect.yaml in `c:\Metysara-proud\dataconnect`
 {"metadata":{"emulator":{"name":"dataconnect"},"message":"E0421 20:53:18.353748   11408 watch.go:40] Failed to load config from \"c:\\\\Metysara-proud\\\\dataconnect\": could not find dataconnect.yaml in `c:\\Metysara-proud\\dataconnect`\n"}}
[debug] [2026-04-21T18:53:28.353Z] E0421 20:53:28.353523   11408 watch.go:40] Failed to load config from "c:\\Metysara-proud\\dataconnect": could not find dataconnect.yaml in `c:\Metysara-proud\dataconnect`
 {"metadata":{"emulator":{"name":"dataconnect"},"message":"E0421 20:53:28.353523   11408 watch.go:40] Failed to load config from \"c:\\\\Metysara-proud\\\\dataconnect\": could not find dataconnect.yaml in `c:\\Metysara-proud\\dataconnect`\n"}}
[debug] [2026-04-21T18:53:38.353Z] E0421 20:53:38.353763   11408 watch.go:40] Failed to load config from "c:\\Metysara-proud\\dataconnect": could not find dataconnect.yaml in `c:\Metysara-proud\dataconnect`
 {"metadata":{"emulator":{"name":"dataconnect"},"message":"E0421 20:53:38.353763   11408 watch.go:40] Failed to load config from \"c:\\\\Metysara-proud\\\\dataconnect\": could not find dataconnect.yaml in `c:\\Metysara-proud\\dataconnect`\n"}}
[debug] [2026-04-21T18:53:48.354Z] E0421 20:53:48.353726   11408 watch.go:40] Failed to load config from "c:\\Metysara-proud\\dataconnect": could not find dataconnect.yaml in `c:\Metysara-proud\dataconnect`
 {"metadata":{"emulator":{"name":"dataconnect"},"message":"E0421 20:53:48.353726   11408 watch.go:40] Failed to load config from \"c:\\\\Metysara-proud\\\\dataconnect\": could not find dataconnect.yaml in `c:\\Metysara-proud\\dataconnect`\n"}}
[debug] [2026-04-21T18:53:58.354Z] E0421 20:53:58.353541   11408 watch.go:40] Failed to load config from "c:\\Metysara-proud\\dataconnect": could not find dataconnect.yaml in `c:\Metysara-proud\dataconnect`
 {"metadata":{"emulator":{"name":"dataconnect"},"message":"E0421 20:53:58.353541   11408 watch.go:40] Failed to load config from \"c:\\\\Metysara-proud\\\\dataconnect\": could not find dataconnect.yaml in `c:\\Metysara-proud\\dataconnect`\n"}}
[debug] [2026-04-21T18:54:08.353Z] E0421 20:54:08.353679   11408 watch.go:116] watchAllDir unable to walk dir `c:\Metysara-proud\dataconnect`: GetFileAttributesEx c:\Metysara-proud\dataconnect: The system cannot find the file specified.
E0421 20:54:08.353679   11408 watch.go:40] Failed to load config from "c:\\Metysara-proud\\dataconnect": could not find dataconnect.yaml in `c:\Metysara-proud\dataconnect`
 {"metadata":{"emulator":{"name":"dataconnect"},"message":"E0421 20:54:08.353679   11408 watch.go:116] watchAllDir unable to walk dir `c:\\Metysara-proud\\dataconnect`: GetFileAttributesEx c:\\Metysara-proud\\dataconnect: The system cannot find the file specified.\nE0421 20:54:08.353679   11408 watch.go:40] Failed to load config from \"c:\\\\Metysara-proud\\\\dataconnect\": could not find dataconnect.yaml in `c:\\Metysara-proud\\dataconnect`\n"}}
[debug] [2026-04-21T18:54:18.353Z] E0421 20:54:18.353527   11408 watch.go:40] Failed to load config from "c:\\Metysara-proud\\dataconnect": could not find dataconnect.yaml in `c:\Metysara-proud\dataconnect`
 {"metadata":{"emulator":{"name":"dataconnect"},"message":"E0421 20:54:18.353527   11408 watch.go:40] Failed to load config from \"c:\\\\Metysara-proud\\\\dataconnect\": could not find dataconnect.yaml in `c:\\Metysara-proud\\dataconnect`\n"}}
[debug] [2026-04-21T18:54:28.354Z] E0421 20:54:28.354188   11408 watch.go:40] Failed to load config from "c:\\Metysara-proud\\dataconnect": could not find dataconnect.yaml in `c:\Metysara-proud\dataconnect`
 {"metadata":{"emulator":{"name":"dataconnect"},"message":"E0421 20:54:28.354188   11408 watch.go:40] Failed to load config from \"c:\\\\Metysara-proud\\\\dataconnect\": could not find dataconnect.yaml in `c:\\Metysara-proud\\dataconnect`\n"}}
[debug] [2026-04-21T18:54:38.353Z] E0421 20:54:38.353678   11408 watch.go:40] Failed to load config from "c:\\Metysara-proud\\dataconnect": could not find dataconnect.yaml in `c:\Metysara-proud\dataconnect`
 {"metadata":{"emulator":{"name":"dataconnect"},"message":"E0421 20:54:38.353678   11408 watch.go:40] Failed to load config from \"c:\\\\Metysara-proud\\\\dataconnect\": could not find dataconnect.yaml in `c:\\Metysara-proud\\dataconnect`\n"}}
[debug] [2026-04-21T18:54:48.353Z] E0421 20:54:48.353380   11408 watch.go:40] Failed to load config from "c:\\Metysara-proud\\dataconnect": could not find dataconnect.yaml in `c:\Metysara-proud\dataconnect`
 {"metadata":{"emulator":{"name":"dataconnect"},"message":"E0421 20:54:48.353380   11408 watch.go:40] Failed to load config from \"c:\\\\Metysara-proud\\\\dataconnect\": could not find dataconnect.yaml in `c:\\Metysara-proud\\dataconnect`\n"}}
[debug] [2026-04-21T18:54:58.353Z] E0421 20:54:58.353433   11408 watch.go:40] Failed to load config from "c:\\Metysara-proud\\dataconnect": could not find dataconnect.yaml in `c:\Metysara-proud\dataconnect`
 {"metadata":{"emulator":{"name":"dataconnect"},"message":"E0421 20:54:58.353433   11408 watch.go:40] Failed to load config from \"c:\\\\Metysara-proud\\\\dataconnect\": could not find dataconnect.yaml in `c:\\Metysara-proud\\dataconnect`\n"}}
[debug] [2026-04-21T18:55:08.354Z] E0421 20:55:08.353641   11408 watch.go:116] watchAllDir unable to walk dir `c:\Metysara-proud\dataconnect`: GetFileAttributesEx c:\Metysara-proud\dataconnect: The system cannot find the file specified.
E0421 20:55:08.353641   11408 watch.go:40] Failed to load config from "c:\\Metysara-proud\\dataconnect": could not find dataconnect.yaml in `c:\Metysara-proud\dataconnect`
 {"metadata":{"emulator":{"name":"dataconnect"},"message":"E0421 20:55:08.353641   11408 watch.go:116] watchAllDir unable to walk dir `c:\\Metysara-proud\\dataconnect`: GetFileAttributesEx c:\\Metysara-proud\\dataconnect: The system cannot find the file specified.\nE0421 20:55:08.353641   11408 watch.go:40] Failed to load config from \"c:\\\\Metysara-proud\\\\dataconnect\": could not find dataconnect.yaml in `c:\\Metysara-proud\\dataconnect`\n"}}
[debug] [2026-04-21T18:55:18.354Z] E0421 20:55:18.353859   11408 watch.go:40] Failed to load config from "c:\\Metysara-proud\\dataconnect": could not find dataconnect.yaml in `c:\Metysara-proud\dataconnect`
 {"metadata":{"emulator":{"name":"dataconnect"},"message":"E0421 20:55:18.353859   11408 watch.go:40] Failed to load config from \"c:\\\\Metysara-proud\\\\dataconnect\": could not find dataconnect.yaml in `c:\\Metysara-proud\\dataconnect`\n"}}
[debug] [2026-04-21T18:55:28.354Z] E0421 20:55:28.353661   11408 watch.go:40] Failed to load config from "c:\\Metysara-proud\\dataconnect": could not find dataconnect.yaml in `c:\Metysara-proud\dataconnect`
 {"metadata":{"emulator":{"name":"dataconnect"},"message":"E0421 20:55:28.353661   11408 watch.go:40] Failed to load config from \"c:\\\\Metysara-proud\\\\dataconnect\": could not find dataconnect.yaml in `c:\\Metysara-proud\\dataconnect`\n"}}
[debug] [2026-04-21T18:55:38.357Z] E0421 20:55:38.356761   11408 watch.go:40] Failed to load config from "c:\\Metysara-proud\\dataconnect": could not find dataconnect.yaml in `c:\Metysara-proud\dataconnect`
 {"metadata":{"emulator":{"name":"dataconnect"},"message":"E0421 20:55:38.356761   11408 watch.go:40] Failed to load config from \"c:\\\\Metysara-proud\\\\dataconnect\": could not find dataconnect.yaml in `c:\\Metysara-proud\\dataconnect`\n"}}
[debug] [2026-04-21T18:55:48.354Z] E0421 20:55:48.353881   11408 watch.go:40] Failed to load config from "c:\\Metysara-proud\\dataconnect": could not find dataconnect.yaml in `c:\Metysara-proud\dataconnect`
 {"metadata":{"emulator":{"name":"dataconnect"},"message":"E0421 20:55:48.353881   11408 watch.go:40] Failed to load config from \"c:\\\\Metysara-proud\\\\dataconnect\": could not find dataconnect.yaml in `c:\\Metysara-proud\\dataconnect`\n"}}
[debug] [2026-04-21T18:55:58.353Z] E0421 20:55:58.353399   11408 watch.go:40] Failed to load config from "c:\\Metysara-proud\\dataconnect": could not find dataconnect.yaml in `c:\Metysara-proud\dataconnect`
 {"metadata":{"emulator":{"name":"dataconnect"},"message":"E0421 20:55:58.353399   11408 watch.go:40] Failed to load config from \"c:\\\\Metysara-proud\\\\dataconnect\": could not find dataconnect.yaml in `c:\\Metysara-proud\\dataconnect`\n"}}
[debug] [2026-04-21T18:56:08.354Z] E0421 20:56:08.353988   11408 watch.go:116] watchAllDir unable to walk dir `c:\Metysara-proud\dataconnect`: GetFileAttributesEx c:\Metysara-proud\dataconnect: The system cannot find the file specified.
 {"metadata":{"emulator":{"name":"dataconnect"},"message":"E0421 20:56:08.353988   11408 watch.go:116] watchAllDir unable to walk dir `c:\\Metysara-proud\\dataconnect`: GetFileAttributesEx c:\\Metysara-proud\\dataconnect: The system cannot find the file specified.\n"}}
[debug] [2026-04-21T18:56:08.355Z] E0421 20:56:08.353988   11408 watch.go:40] Failed to load config from "c:\\Metysara-proud\\dataconnect": could not find dataconnect.yaml in `c:\Metysara-proud\dataconnect`
 {"metadata":{"emulator":{"name":"dataconnect"},"message":"E0421 20:56:08.353988   11408 watch.go:40] Failed to load config from \"c:\\\\Metysara-proud\\\\dataconnect\": could not find dataconnect.yaml in `c:\\Metysara-proud\\dataconnect`\n"}}
[debug] [2026-04-21T18:56:18.354Z] E0421 20:56:18.353726   11408 watch.go:40] Failed to load config from "c:\\Metysara-proud\\dataconnect": could not find dataconnect.yaml in `c:\Metysara-proud\dataconnect`
 {"metadata":{"emulator":{"name":"dataconnect"},"message":"E0421 20:56:18.353726   11408 watch.go:40] Failed to load config from \"c:\\\\Metysara-proud\\\\dataconnect\": could not find dataconnect.yaml in `c:\\Metysara-proud\\dataconnect`\n"}}
[debug] [2026-04-21T18:56:28.354Z] E0421 20:56:28.353681   11408 watch.go:40] Failed to load config from "c:\\Metysara-proud\\dataconnect": could not find dataconnect.yaml in `c:\Metysara-proud\dataconnect`
 {"metadata":{"emulator":{"name":"dataconnect"},"message":"E0421 20:56:28.353681   11408 watch.go:40] Failed to load config from \"c:\\\\Metysara-proud\\\\dataconnect\": could not find dataconnect.yaml in `c:\\Metysara-proud\\dataconnect`\n"}}
[debug] [2026-04-21T18:56:38.353Z] E0421 20:56:38.353936   11408 watch.go:40] Failed to load config from "c:\\Metysara-proud\\dataconnect": could not find dataconnect.yaml in `c:\Metysara-proud\dataconnect`
 {"metadata":{"emulator":{"name":"dataconnect"},"message":"E0421 20:56:38.353936   11408 watch.go:40] Failed to load config from \"c:\\\\Metysara-proud\\\\dataconnect\": could not find dataconnect.yaml in `c:\\Metysara-proud\\dataconnect`\n"}}
[debug] [2026-04-21T18:56:48.353Z] E0421 20:56:48.353565   11408 watch.go:40] Failed to load config from "c:\\Metysara-proud\\dataconnect": could not find dataconnect.yaml in `c:\Metysara-proud\dataconnect`
 {"metadata":{"emulator":{"name":"dataconnect"},"message":"E0421 20:56:48.353565   11408 watch.go:40] Failed to load config from \"c:\\\\Metysara-proud\\\\dataconnect\": could not find dataconnect.yaml in `c:\\Metysara-proud\\dataconnect`\n"}}
[debug] [2026-04-21T18:56:58.353Z] E0421 20:56:58.353848   11408 watch.go:40] Failed to load config from "c:\\Metysara-proud\\dataconnect": could not find dataconnect.yaml in `c:\Metysara-proud\dataconnect`
 {"metadata":{"emulator":{"name":"dataconnect"},"message":"E0421 20:56:58.353848   11408 watch.go:40] Failed to load config from \"c:\\\\Metysara-proud\\\\dataconnect\": could not find dataconnect.yaml in `c:\\Metysara-proud\\dataconnect`\n"}}
[debug] [2026-04-21T18:57:08.353Z] E0421 20:57:08.353804   11408 watch.go:116] watchAllDir unable to walk dir `c:\Metysara-proud\dataconnect`: GetFileAttributesEx c:\Metysara-proud\dataconnect: The system cannot find the file specified.
E0421 20:57:08.353804   11408 watch.go:40] Failed to load config from "c:\\Metysara-proud\\dataconnect": could not find dataconnect.yaml in `c:\Metysara-proud\dataconnect`
 {"metadata":{"emulator":{"name":"dataconnect"},"message":"E0421 20:57:08.353804   11408 watch.go:116] watchAllDir unable to walk dir `c:\\Metysara-proud\\dataconnect`: GetFileAttributesEx c:\\Metysara-proud\\dataconnect: The system cannot find the file specified.\nE0421 20:57:08.353804   11408 watch.go:40] Failed to load config from \"c:\\\\Metysara-proud\\\\dataconnect\": could not find dataconnect.yaml in `c:\\Metysara-proud\\dataconnect`\n"}}
[debug] [2026-04-21T18:57:18.353Z] E0421 20:57:18.353568   11408 watch.go:40] Failed to load config from "c:\\Metysara-proud\\dataconnect": could not find dataconnect.yaml in `c:\Metysara-proud\dataconnect`
 {"metadata":{"emulator":{"name":"dataconnect"},"message":"E0421 20:57:18.353568   11408 watch.go:40] Failed to load config from \"c:\\\\Metysara-proud\\\\dataconnect\": could not find dataconnect.yaml in `c:\\Metysara-proud\\dataconnect`\n"}}
[debug] [2026-04-21T18:57:28.353Z] E0421 20:57:28.353333   11408 watch.go:40] Failed to load config from "c:\\Metysara-proud\\dataconnect": could not find dataconnect.yaml in `c:\Metysara-proud\dataconnect`
 {"metadata":{"emulator":{"name":"dataconnect"},"message":"E0421 20:57:28.353333   11408 watch.go:40] Failed to load config from \"c:\\\\Metysara-proud\\\\dataconnect\": could not find dataconnect.yaml in `c:\\Metysara-proud\\dataconnect`\n"}}
[debug] [2026-04-21T18:57:38.353Z] E0421 20:57:38.353679   11408 watch.go:40] Failed to load config from "c:\\Metysara-proud\\dataconnect": could not find dataconnect.yaml in `c:\Metysara-proud\dataconnect`
 {"metadata":{"emulator":{"name":"dataconnect"},"message":"E0421 20:57:38.353679   11408 watch.go:40] Failed to load config from \"c:\\\\Metysara-proud\\\\dataconnect\": could not find dataconnect.yaml in `c:\\Metysara-proud\\dataconnect`\n"}}
[debug] [2026-04-21T18:57:48.353Z] E0421 20:57:48.353426   11408 watch.go:40] Failed to load config from "c:\\Metysara-proud\\dataconnect": could not find dataconnect.yaml in `c:\Metysara-proud\dataconnect`
 {"metadata":{"emulator":{"name":"dataconnect"},"message":"E0421 20:57:48.353426   11408 watch.go:40] Failed to load config from \"c:\\\\Metysara-proud\\\\dataconnect\": could not find dataconnect.yaml in `c:\\Metysara-proud\\dataconnect`\n"}}
[debug] [2026-04-21T18:57:58.353Z] E0421 20:57:58.353789   11408 watch.go:40] Failed to load config from "c:\\Metysara-proud\\dataconnect": could not find dataconnect.yaml in `c:\Metysara-proud\dataconnect`
 {"metadata":{"emulator":{"name":"dataconnect"},"message":"E0421 20:57:58.353789   11408 watch.go:40] Failed to load config from \"c:\\\\Metysara-proud\\\\dataconnect\": could not find dataconnect.yaml in `c:\\Metysara-proud\\dataconnect`\n"}}
[debug] [2026-04-21T18:58:08.353Z] E0421 20:58:08.353695   11408 watch.go:116] watchAllDir unable to walk dir `c:\Metysara-proud\dataconnect`: GetFileAttributesEx c:\Metysara-proud\dataconnect: The system cannot find the file specified.
E0421 20:58:08.353695   11408 watch.go:40] Failed to load config from "c:\\Metysara-proud\\dataconnect": could not find dataconnect.yaml in `c:\Metysara-proud\dataconnect`
 {"metadata":{"emulator":{"name":"dataconnect"},"message":"E0421 20:58:08.353695   11408 watch.go:116] watchAllDir unable to walk dir `c:\\Metysara-proud\\dataconnect`: GetFileAttributesEx c:\\Metysara-proud\\dataconnect: The system cannot find the file specified.\nE0421 20:58:08.353695   11408 watch.go:40] Failed to load config from \"c:\\\\Metysara-proud\\\\dataconnect\": could not find dataconnect.yaml in `c:\\Metysara-proud\\dataconnect`\n"}}
[debug] [2026-04-21T18:58:18.354Z] E0421 20:58:18.353749   11408 watch.go:40] Failed to load config from "c:\\Metysara-proud\\dataconnect": could not find dataconnect.yaml in `c:\Metysara-proud\dataconnect`
 {"metadata":{"emulator":{"name":"dataconnect"},"message":"E0421 20:58:18.353749   11408 watch.go:40] Failed to load config from \"c:\\\\Metysara-proud\\\\dataconnect\": could not find dataconnect.yaml in `c:\\Metysara-proud\\dataconnect`\n"}}
[debug] [2026-04-21T18:58:28.353Z] E0421 20:58:28.353277   11408 watch.go:40] Failed to load config from "c:\\Metysara-proud\\dataconnect": could not find dataconnect.yaml in `c:\Metysara-proud\dataconnect`
 {"metadata":{"emulator":{"name":"dataconnect"},"message":"E0421 20:58:28.353277   11408 watch.go:40] Failed to load config from \"c:\\\\Metysara-proud\\\\dataconnect\": could not find dataconnect.yaml in `c:\\Metysara-proud\\dataconnect`\n"}}
[debug] [2026-04-21T18:58:38.359Z] E0421 20:58:38.359787   11408 watch.go:40] Failed to load config from "c:\\Metysara-proud\\dataconnect": could not find dataconnect.yaml in `c:\Metysara-proud\dataconnect`
 {"metadata":{"emulator":{"name":"dataconnect"},"message":"E0421 20:58:38.359787   11408 watch.go:40] Failed to load config from \"c:\\\\Metysara-proud\\\\dataconnect\": could not find dataconnect.yaml in `c:\\Metysara-proud\\dataconnect`\n"}}
[debug] [2026-04-21T18:58:48.353Z] E0421 20:58:48.353276   11408 watch.go:40] Failed to load config from "c:\\Metysara-proud\\dataconnect": could not find dataconnect.yaml in `c:\Metysara-proud\dataconnect`
 {"metadata":{"emulator":{"name":"dataconnect"},"message":"E0421 20:58:48.353276   11408 watch.go:40] Failed to load config from \"c:\\\\Metysara-proud\\\\dataconnect\": could not find dataconnect.yaml in `c:\\Metysara-proud\\dataconnect`\n"}}
[debug] [2026-04-21T18:58:58.353Z] E0421 20:58:58.353579   11408 watch.go:40] Failed to load config from "c:\\Metysara-proud\\dataconnect": could not find dataconnect.yaml in `c:\Metysara-proud\dataconnect`
 {"metadata":{"emulator":{"name":"dataconnect"},"message":"E0421 20:58:58.353579   11408 watch.go:40] Failed to load config from \"c:\\\\Metysara-proud\\\\dataconnect\": could not find dataconnect.yaml in `c:\\Metysara-proud\\dataconnect`\n"}}
[debug] [2026-04-21T18:59:08.353Z] E0421 20:59:08.353298   11408 watch.go:40] Failed to load config from "c:\\Metysara-proud\\dataconnect": could not find dataconnect.yaml in `c:\Metysara-proud\dataconnect`
E0421 20:59:08.353298   11408 watch.go:116] watchAllDir unable to walk dir `c:\Metysara-proud\dataconnect`: GetFileAttributesEx c:\Metysara-proud\dataconnect: The system cannot find the file specified.
 {"metadata":{"emulator":{"name":"dataconnect"},"message":"E0421 20:59:08.353298   11408 watch.go:40] Failed to load config from \"c:\\\\Metysara-proud\\\\dataconnect\": could not find dataconnect.yaml in `c:\\Metysara-proud\\dataconnect`\nE0421 20:59:08.353298   11408 watch.go:116] watchAllDir unable to walk dir `c:\\Metysara-proud\\dataconnect`: GetFileAttributesEx c:\\Metysara-proud\\dataconnect: The system cannot find the file specified.\n"}}
[debug] [2026-04-21T18:59:18.353Z] E0421 20:59:18.353768   11408 watch.go:40] Failed to load config from "c:\\Metysara-proud\\dataconnect": could not find dataconnect.yaml in `c:\Metysara-proud\dataconnect`
 {"metadata":{"emulator":{"name":"dataconnect"},"message":"E0421 20:59:18.353768   11408 watch.go:40] Failed to load config from \"c:\\\\Metysara-proud\\\\dataconnect\": could not find dataconnect.yaml in `c:\\Metysara-proud\\dataconnect`\n"}}
[debug] [2026-04-21T18:59:28.353Z] E0421 20:59:28.353658   11408 watch.go:40] Failed to load config from "c:\\Metysara-proud\\dataconnect": could not find dataconnect.yaml in `c:\Metysara-proud\dataconnect`
 {"metadata":{"emulator":{"name":"dataconnect"},"message":"E0421 20:59:28.353658   11408 watch.go:40] Failed to load config from \"c:\\\\Metysara-proud\\\\dataconnect\": could not find dataconnect.yaml in `c:\\Metysara-proud\\dataconnect`\n"}}
[debug] [2026-04-21T18:59:38.353Z] E0421 20:59:38.353631   11408 watch.go:40] Failed to load config from "c:\\Metysara-proud\\dataconnect": could not find dataconnect.yaml in `c:\Metysara-proud\dataconnect`
 {"metadata":{"emulator":{"name":"dataconnect"},"message":"E0421 20:59:38.353631   11408 watch.go:40] Failed to load config from \"c:\\\\Metysara-proud\\\\dataconnect\": could not find dataconnect.yaml in `c:\\Metysara-proud\\dataconnect`\n"}}
[debug] [2026-04-21T18:59:48.353Z] E0421 20:59:48.353574   11408 watch.go:40] Failed to load config from "c:\\Metysara-proud\\dataconnect": could not find dataconnect.yaml in `c:\Metysara-proud\dataconnect`
 {"metadata":{"emulator":{"name":"dataconnect"},"message":"E0421 20:59:48.353574   11408 watch.go:40] Failed to load config from \"c:\\\\Metysara-proud\\\\dataconnect\": could not find dataconnect.yaml in `c:\\Metysara-proud\\dataconnect`\n"}}
[debug] [2026-04-21T18:59:58.353Z] E0421 20:59:58.353560   11408 watch.go:40] Failed to load config from "c:\\Metysara-proud\\dataconnect": could not find dataconnect.yaml in `c:\Metysara-proud\dataconnect`
 {"metadata":{"emulator":{"name":"dataconnect"},"message":"E0421 20:59:58.353560   11408 watch.go:40] Failed to load config from \"c:\\\\Metysara-proud\\\\dataconnect\": could not find dataconnect.yaml in `c:\\Metysara-proud\\dataconnect`\n"}}
[debug] [2026-04-21T19:00:08.353Z] E0421 21:00:08.353577   11408 watch.go:116] watchAllDir unable to walk dir `c:\Metysara-proud\dataconnect`: GetFileAttributesEx c:\Metysara-proud\dataconnect: The system cannot find the file specified.
E0421 21:00:08.353577   11408 watch.go:40] Failed to load config from "c:\\Metysara-proud\\dataconnect": could not find dataconnect.yaml in `c:\Metysara-proud\dataconnect`
 {"metadata":{"emulator":{"name":"dataconnect"},"message":"E0421 21:00:08.353577   11408 watch.go:116] watchAllDir unable to walk dir `c:\\Metysara-proud\\dataconnect`: GetFileAttributesEx c:\\Metysara-proud\\dataconnect: The system cannot find the file specified.\nE0421 21:00:08.353577   11408 watch.go:40] Failed to load config from \"c:\\\\Metysara-proud\\\\dataconnect\": could not find dataconnect.yaml in `c:\\Metysara-proud\\dataconnect`\n"}}
[debug] [2026-04-21T19:00:18.353Z] E0421 21:00:18.353669   11408 watch.go:40] Failed to load config from "c:\\Metysara-proud\\dataconnect": could not find dataconnect.yaml in `c:\Metysara-proud\dataconnect`
 {"metadata":{"emulator":{"name":"dataconnect"},"message":"E0421 21:00:18.353669   11408 watch.go:40] Failed to load config from \"c:\\\\Metysara-proud\\\\dataconnect\": could not find dataconnect.yaml in `c:\\Metysara-proud\\dataconnect`\n"}}
[debug] [2026-04-21T19:00:28.353Z] E0421 21:00:28.353407   11408 watch.go:40] Failed to load config from "c:\\Metysara-proud\\dataconnect": could not find dataconnect.yaml in `c:\Metysara-proud\dataconnect`
 {"metadata":{"emulator":{"name":"dataconnect"},"message":"E0421 21:00:28.353407   11408 watch.go:40] Failed to load config from \"c:\\\\Metysara-proud\\\\dataconnect\": could not find dataconnect.yaml in `c:\\Metysara-proud\\dataconnect`\n"}}
[debug] [2026-04-21T19:00:38.353Z] E0421 21:00:38.353700   11408 watch.go:40] Failed to load config from "c:\\Metysara-proud\\dataconnect": could not find dataconnect.yaml in `c:\Metysara-proud\dataconnect`
 {"metadata":{"emulator":{"name":"dataconnect"},"message":"E0421 21:00:38.353700   11408 watch.go:40] Failed to load config from \"c:\\\\Metysara-proud\\\\dataconnect\": could not find dataconnect.yaml in `c:\\Metysara-proud\\dataconnect`\n"}}
[debug] [2026-04-21T19:00:48.353Z] E0421 21:00:48.353366   11408 watch.go:40] Failed to load config from "c:\\Metysara-proud\\dataconnect": could not find dataconnect.yaml in `c:\Metysara-proud\dataconnect`
 {"metadata":{"emulator":{"name":"dataconnect"},"message":"E0421 21:00:48.353366   11408 watch.go:40] Failed to load config from \"c:\\\\Metysara-proud\\\\dataconnect\": could not find dataconnect.yaml in `c:\\Metysara-proud\\dataconnect`\n"}}
[debug] [2026-04-21T19:00:58.353Z] E0421 21:00:58.353491   11408 watch.go:40] Failed to load config from "c:\\Metysara-proud\\dataconnect": could not find dataconnect.yaml in `c:\Metysara-proud\dataconnect`
 {"metadata":{"emulator":{"name":"dataconnect"},"message":"E0421 21:00:58.353491   11408 watch.go:40] Failed to load config from \"c:\\\\Metysara-proud\\\\dataconnect\": could not find dataconnect.yaml in `c:\\Metysara-proud\\dataconnect`\n"}}
[debug] [2026-04-21T19:01:08.353Z] E0421 21:01:08.353533   11408 watch.go:116] watchAllDir unable to walk dir `c:\Metysara-proud\dataconnect`: GetFileAttributesEx c:\Metysara-proud\dataconnect: The system cannot find the file specified.
 {"metadata":{"emulator":{"name":"dataconnect"},"message":"E0421 21:01:08.353533   11408 watch.go:116] watchAllDir unable to walk dir `c:\\Metysara-proud\\dataconnect`: GetFileAttributesEx c:\\Metysara-proud\\dataconnect: The system cannot find the file specified.\n"}}
[debug] [2026-04-21T19:01:08.365Z] E0421 21:01:08.365440   11408 watch.go:40] Failed to load config from "c:\\Metysara-proud\\dataconnect": could not find dataconnect.yaml in `c:\Metysara-proud\dataconnect`
 {"metadata":{"emulator":{"name":"dataconnect"},"message":"E0421 21:01:08.365440   11408 watch.go:40] Failed to load config from \"c:\\\\Metysara-proud\\\\dataconnect\": could not find dataconnect.yaml in `c:\\Metysara-proud\\dataconnect`\n"}}
[debug] [2026-04-21T19:01:18.353Z] E0421 21:01:18.353741   11408 watch.go:40] Failed to load config from "c:\\Metysara-proud\\dataconnect": could not find dataconnect.yaml in `c:\Metysara-proud\dataconnect`
 {"metadata":{"emulator":{"name":"dataconnect"},"message":"E0421 21:01:18.353741   11408 watch.go:40] Failed to load config from \"c:\\\\Metysara-proud\\\\dataconnect\": could not find dataconnect.yaml in `c:\\Metysara-proud\\dataconnect`\n"}}
[debug] [2026-04-21T19:01:28.353Z] E0421 21:01:28.353436   11408 watch.go:40] Failed to load config from "c:\\Metysara-proud\\dataconnect": could not find dataconnect.yaml in `c:\Metysara-proud\dataconnect`
 {"metadata":{"emulator":{"name":"dataconnect"},"message":"E0421 21:01:28.353436   11408 watch.go:40] Failed to load config from \"c:\\\\Metysara-proud\\\\dataconnect\": could not find dataconnect.yaml in `c:\\Metysara-proud\\dataconnect`\n"}}
[debug] [2026-04-21T19:01:38.353Z] E0421 21:01:38.353455   11408 watch.go:40] Failed to load config from "c:\\Metysara-proud\\dataconnect": could not find dataconnect.yaml in `c:\Metysara-proud\dataconnect`
 {"metadata":{"emulator":{"name":"dataconnect"},"message":"E0421 21:01:38.353455   11408 watch.go:40] Failed to load config from \"c:\\\\Metysara-proud\\\\dataconnect\": could not find dataconnect.yaml in `c:\\Metysara-proud\\dataconnect`\n"}}
[debug] [2026-04-21T19:01:48.353Z] E0421 21:01:48.353563   11408 watch.go:40] Failed to load config from "c:\\Metysara-proud\\dataconnect": could not find dataconnect.yaml in `c:\Metysara-proud\dataconnect`
 {"metadata":{"emulator":{"name":"dataconnect"},"message":"E0421 21:01:48.353563   11408 watch.go:40] Failed to load config from \"c:\\\\Metysara-proud\\\\dataconnect\": could not find dataconnect.yaml in `c:\\Metysara-proud\\dataconnect`\n"}}
[debug] [2026-04-21T19:01:58.353Z] E0421 21:01:58.353464   11408 watch.go:40] Failed to load config from "c:\\Metysara-proud\\dataconnect": could not find dataconnect.yaml in `c:\Metysara-proud\dataconnect`
 {"metadata":{"emulator":{"name":"dataconnect"},"message":"E0421 21:01:58.353464   11408 watch.go:40] Failed to load config from \"c:\\\\Metysara-proud\\\\dataconnect\": could not find dataconnect.yaml in `c:\\Metysara-proud\\dataconnect`\n"}}
[debug] [2026-04-21T19:02:08.353Z] E0421 21:02:08.353725   11408 watch.go:116] watchAllDir unable to walk dir `c:\Metysara-proud\dataconnect`: GetFileAttributesEx c:\Metysara-proud\dataconnect: The system cannot find the file specified.
E0421 21:02:08.353725   11408 watch.go:40] Failed to load config from "c:\\Metysara-proud\\dataconnect": could not find dataconnect.yaml in `c:\Metysara-proud\dataconnect`
 {"metadata":{"emulator":{"name":"dataconnect"},"message":"E0421 21:02:08.353725   11408 watch.go:116] watchAllDir unable to walk dir `c:\\Metysara-proud\\dataconnect`: GetFileAttributesEx c:\\Metysara-proud\\dataconnect: The system cannot find the file specified.\nE0421 21:02:08.353725   11408 watch.go:40] Failed to load config from \"c:\\\\Metysara-proud\\\\dataconnect\": could not find dataconnect.yaml in `c:\\Metysara-proud\\dataconnect`\n"}}
[debug] [2026-04-21T19:02:18.353Z] E0421 21:02:18.353760   11408 watch.go:40] Failed to load config from "c:\\Metysara-proud\\dataconnect": could not find dataconnect.yaml in `c:\Metysara-proud\dataconnect`
 {"metadata":{"emulator":{"name":"dataconnect"},"message":"E0421 21:02:18.353760   11408 watch.go:40] Failed to load config from \"c:\\\\Metysara-proud\\\\dataconnect\": could not find dataconnect.yaml in `c:\\Metysara-proud\\dataconnect`\n"}}
[debug] [2026-04-21T19:02:28.353Z] E0421 21:02:28.353587   11408 watch.go:40] Failed to load config from "c:\\Metysara-proud\\dataconnect": could not find dataconnect.yaml in `c:\Metysara-proud\dataconnect`
 {"metadata":{"emulator":{"name":"dataconnect"},"message":"E0421 21:02:28.353587   11408 watch.go:40] Failed to load config from \"c:\\\\Metysara-proud\\\\dataconnect\": could not find dataconnect.yaml in `c:\\Metysara-proud\\dataconnect`\n"}}
[debug] [2026-04-21T19:02:38.353Z] E0421 21:02:38.353881   11408 watch.go:40] Failed to load config from "c:\\Metysara-proud\\dataconnect": could not find dataconnect.yaml in `c:\Metysara-proud\dataconnect`
 {"metadata":{"emulator":{"name":"dataconnect"},"message":"E0421 21:02:38.353881   11408 watch.go:40] Failed to load config from \"c:\\\\Metysara-proud\\\\dataconnect\": could not find dataconnect.yaml in `c:\\Metysara-proud\\dataconnect`\n"}}
[debug] [2026-04-21T19:02:48.353Z] E0421 21:02:48.353758   11408 watch.go:40] Failed to load config from "c:\\Metysara-proud\\dataconnect": could not find dataconnect.yaml in `c:\Metysara-proud\dataconnect`
 {"metadata":{"emulator":{"name":"dataconnect"},"message":"E0421 21:02:48.353758   11408 watch.go:40] Failed to load config from \"c:\\\\Metysara-proud\\\\dataconnect\": could not find dataconnect.yaml in `c:\\Metysara-proud\\dataconnect`\n"}}
[debug] [2026-04-21T19:02:58.353Z] E0421 21:02:58.353393   11408 watch.go:40] Failed to load config from "c:\\Metysara-proud\\dataconnect": could not find dataconnect.yaml in `c:\Metysara-proud\dataconnect`
 {"metadata":{"emulator":{"name":"dataconnect"},"message":"E0421 21:02:58.353393   11408 watch.go:40] Failed to load config from \"c:\\\\Metysara-proud\\\\dataconnect\": could not find dataconnect.yaml in `c:\\Metysara-proud\\dataconnect`\n"}}
[debug] [2026-04-21T19:03:08.353Z] E0421 21:03:08.353361   11408 watch.go:40] Failed to load config from "c:\\Metysara-proud\\dataconnect": could not find dataconnect.yaml in `c:\Metysara-proud\dataconnect`
E0421 21:03:08.353361   11408 watch.go:116] watchAllDir unable to walk dir `c:\Metysara-proud\dataconnect`: GetFileAttributesEx c:\Metysara-proud\dataconnect: The system cannot find the file specified.
 {"metadata":{"emulator":{"name":"dataconnect"},"message":"E0421 21:03:08.353361   11408 watch.go:40] Failed to load config from \"c:\\\\Metysara-proud\\\\dataconnect\": could not find dataconnect.yaml in `c:\\Metysara-proud\\dataconnect`\nE0421 21:03:08.353361   11408 watch.go:116] watchAllDir unable to walk dir `c:\\Metysara-proud\\dataconnect`: GetFileAttributesEx c:\\Metysara-proud\\dataconnect: The system cannot find the file specified.\n"}}
[debug] [2026-04-21T19:03:18.355Z] E0421 21:03:18.355799   11408 watch.go:40] Failed to load config from "c:\\Metysara-proud\\dataconnect": could not find dataconnect.yaml in `c:\Metysara-proud\dataconnect`
 {"metadata":{"emulator":{"name":"dataconnect"},"message":"E0421 21:03:18.355799   11408 watch.go:40] Failed to load config from \"c:\\\\Metysara-proud\\\\dataconnect\": could not find dataconnect.yaml in `c:\\Metysara-proud\\dataconnect`\n"}}
[debug] [2026-04-21T19:03:28.353Z] E0421 21:03:28.353613   11408 watch.go:40] Failed to load config from "c:\\Metysara-proud\\dataconnect": could not find dataconnect.yaml in `c:\Metysara-proud\dataconnect`
 {"metadata":{"emulator":{"name":"dataconnect"},"message":"E0421 21:03:28.353613   11408 watch.go:40] Failed to load config from \"c:\\\\Metysara-proud\\\\dataconnect\": could not find dataconnect.yaml in `c:\\Metysara-proud\\dataconnect`\n"}}
[debug] [2026-04-21T19:03:38.354Z] E0421 21:03:38.353892   11408 watch.go:40] Failed to load config from "c:\\Metysara-proud\\dataconnect": could not find dataconnect.yaml in `c:\Metysara-proud\dataconnect`
 {"metadata":{"emulator":{"name":"dataconnect"},"message":"E0421 21:03:38.353892   11408 watch.go:40] Failed to load config from \"c:\\\\Metysara-proud\\\\dataconnect\": could not find dataconnect.yaml in `c:\\Metysara-proud\\dataconnect`\n"}}
[debug] [2026-04-21T19:03:48.353Z] E0421 21:03:48.353639   11408 watch.go:40] Failed to load config from "c:\\Metysara-proud\\dataconnect": could not find dataconnect.yaml in `c:\Metysara-proud\dataconnect`
 {"metadata":{"emulator":{"name":"dataconnect"},"message":"E0421 21:03:48.353639   11408 watch.go:40] Failed to load config from \"c:\\\\Metysara-proud\\\\dataconnect\": could not find dataconnect.yaml in `c:\\Metysara-proud\\dataconnect`\n"}}
[debug] [2026-04-21T19:03:58.353Z] E0421 21:03:58.353547   11408 watch.go:40] Failed to load config from "c:\\Metysara-proud\\dataconnect": could not find dataconnect.yaml in `c:\Metysara-proud\dataconnect`
 {"metadata":{"emulator":{"name":"dataconnect"},"message":"E0421 21:03:58.353547   11408 watch.go:40] Failed to load config from \"c:\\\\Metysara-proud\\\\dataconnect\": could not find dataconnect.yaml in `c:\\Metysara-proud\\dataconnect`\n"}}
[debug] [2026-04-21T19:04:08.354Z] E0421 21:04:08.354069   11408 watch.go:116] watchAllDir unable to walk dir `c:\Metysara-proud\dataconnect`: GetFileAttributesEx c:\Metysara-proud\dataconnect: The system cannot find the file specified.
E0421 21:04:08.354069   11408 watch.go:40] Failed to load config from "c:\\Metysara-proud\\dataconnect": could not find dataconnect.yaml in `c:\Metysara-proud\dataconnect`
 {"metadata":{"emulator":{"name":"dataconnect"},"message":"E0421 21:04:08.354069   11408 watch.go:116] watchAllDir unable to walk dir `c:\\Metysara-proud\\dataconnect`: GetFileAttributesEx c:\\Metysara-proud\\dataconnect: The system cannot find the file specified.\nE0421 21:04:08.354069   11408 watch.go:40] Failed to load config from \"c:\\\\Metysara-proud\\\\dataconnect\": could not find dataconnect.yaml in `c:\\Metysara-proud\\dataconnect`\n"}}
[debug] [2026-04-21T19:04:18.353Z] E0421 21:04:18.353491   11408 watch.go:40] Failed to load config from "c:\\Metysara-proud\\dataconnect": could not find dataconnect.yaml in `c:\Metysara-proud\dataconnect`
 {"metadata":{"emulator":{"name":"dataconnect"},"message":"E0421 21:04:18.353491   11408 watch.go:40] Failed to load config from \"c:\\\\Metysara-proud\\\\dataconnect\": could not find dataconnect.yaml in `c:\\Metysara-proud\\dataconnect`\n"}}
